source,target,weight,correlation
HN1,B4,0.755244755,-0.755244755
HN1,B19,0.671328671,-0.671328671
HN1,B23,0.741258741,-0.741258741
HN1,B25,0.836431355,-0.836431355
HN1,B26,0.839160839,-0.839160839
HN1,B31,0.727272727,-0.727272727
HN1,B32,0.705410511,-0.705410511
HN1,B33,0.779482837,-0.779482837
HN1,B37,0.741258741,-0.741258741
HN1,B43,0.8231186,-0.8231186
HN1,B45,0.67250541,-0.67250541
HN1,B48,0.717862646,-0.717862646
HN1,B53,0.797202797,-0.797202797
HN1,B56,0.804195804,-0.804195804
HN1,B63,0.629370629,-0.629370629
HN1,B65,0.697200387,-0.697200387
HN1,B67,0.735269157,-0.735269157
HN1,B68,0.884562387,-0.884562387
HN1,B70,0.697023836,-0.697023836
HN1,B72,0.802451111,-0.802451111
HN1,B79,0.72027972,-0.72027972
HN1,B80,0.697200387,-0.697200387
HN1,B84,0.633818534,-0.633818534
HN1,B86,0.881118881,-0.881118881
HN1,B87,0.69794585,-0.69794585
HN1,B97,0.72027972,-0.72027972
HN1,B100,0.734265734,-0.734265734
HN1,B106,0.790374024,-0.790374024
HN1,B114,0.776223776,-0.776223776
HN1,B123,0.70336037,-0.70336037
HN1,B124,0.762237762,-0.762237762
HN1,B126,0.816921666,-0.816921666
HN1,B129,0.755244755,-0.755244755
HN1,B132,0.676073103,-0.676073103
HN1,B140,0.754567861,-0.754567861
HN1,B146,0.683013307,-0.683013307
HN1,B152,0.877097726,-0.877097726
HN1,B155,0.851139659,-0.851139659
HN1,B163,0.787521788,-0.787521788
HN1,B175,0.742733819,-0.742733819
HN1,B181,0.717862646,-0.717862646
HN1,B184,0.711034365,-0.711034365
HN1,B196,0.755244755,-0.755244755
HN1,B201,0.892027049,-0.892027049
HN1,B203,0.683013307,-0.683013307
HN1,B207,0.783216783,-0.783216783
HN1,B209,0.678321678,-0.678321678
HN1,B210,0.772592465,-0.772592465
HN1,B211,0.72027972,-0.72027972
HN1,B212,0.728547527,-0.728547527
HN1,B225,0.70336037,-0.70336037
HN1,B233,0.71803963,-0.71803963
HN1,B235,0.727804496,-0.727804496
HN1,B236,0.76880499,-0.76880499
HN1,B242,0.783122887,-0.783122887
HN1,B243,0.706293706,-0.706293706
HN1,B244,0.854703741,-0.854703741
HN1,B247,0.86013986,-0.86013986
HN1,B261,0.748251748,-0.748251748
HN1,B265,0.891889954,-0.891889954
HN1,B278,0.819378576,-0.819378576
HN1,B280,0.839774418,-0.839774418
HN1,B281,0.84723908,-0.84723908
HN1,B284,0.637479086,-0.637479086
HN1,B292,0.824845095,-0.824845095
HN1,B293,0.794986449,-0.794986449
HN1,B295,0.704029101,-0.704029101
HN1,B299,0.726093602,-0.726093602
HN1,B305,0.735269157,-0.735269157
HN1,B311,0.776223776,-0.776223776
HN1,B314,0.720339834,-0.720339834
HN1,B317,0.854703741,-0.854703741
HN1,B319,0.712875173,-0.712875173
HN1,B323,0.854227767,-0.854227767
HN1,B325,0.739616059,-0.739616059
HN1,B326,0.848383127,-0.848383127
HN1,B329,0.774081748,-0.774081748
HN1,B332,0.661997513,-0.661997513
HN1,B333,0.881118881,-0.881118881
HN1,B336,0.753065953,-0.753065953
HN1,B337,0.727272727,-0.727272727
HN1,B339,0.819378576,-0.819378576
HN1,B349,0.685314685,-0.685314685
HN1,B351,0.747449296,-0.747449296
HN1,B353,0.726093602,-0.726093602
HN1,B354,0.774667097,-0.774667097
HN1,B357,0.781709525,-0.781709525
HN1,B360,0.7253701,-0.7253701
HN1,B365,0.712875173,-0.712875173
HN1,B366,0.787521788,-0.787521788
HN1,B369,0.781709525,-0.781709525
HN1,B370,0.824845095,-0.824845095
HN1,B372,0.685314685,-0.685314685
HN1,B376,0.692307692,-0.692307692
HN1,B378,0.870136541,-0.870136541
HN1,B379,0.615755849,-0.615755849
HN1,B384,0.710611508,-0.710611508
HN1,B386,0.783216783,-0.783216783
HN1,B392,0.725113784,-0.725113784
HN1,B393,0.817380434,-0.817380434
HN1,B394,0.804195804,-0.804195804
HN1,B399,0.727272727,-0.727272727
HN1,B400,0.676263649,-0.676263649
HN1,B404,0.671328671,-0.671328671
HN1,B411,0.811516378,-0.811516378
HN1,B418,0.669030674,-0.669030674
HN1,B422,0.781087012,-0.781087012
HN1,B423,0.859176235,-0.859176235
HN1,B424,0.862168403,-0.862168403
HN1,B429,0.826629714,-0.826629714
HN1,B437,0.727804496,-0.727804496
HN1,B441,0.855634265,-0.855634265
HN1,B449,0.74646615,-0.74646615
HN1,B452,0.72027972,-0.72027972
HN1,B455,0.697619343,-0.697619343
HN1,B456,0.754567861,-0.754567861
HN1,B460,0.678321678,-0.678321678
HN1,B465,0.798600174,-0.798600174
HN1,B466,0.755244755,-0.755244755
HN1,B467,0.804195804,-0.804195804
HN1,B468,0.833880851,-0.833880851
HN1,B473,0.706293706,-0.706293706
HN1,B475,0.690157959,-0.690157959
HN1,B478,0.741258741,-0.741258741
HN1,B479,0.664335664,-0.664335664
HN1,B484,0.82931279,-0.82931279
HN1,B493,0.790160684,-0.790160684
HN1,B496,0.8231186,-0.8231186
HN1,B504,0.84723908,-0.84723908
HN1,B510,0.761369473,-0.761369473
HN1,B515,0.664335664,-0.664335664
HN1,B519,0.718975037,-0.718975037
HN1,B520,0.839774418,-0.839774418
HN1,B523,0.713286713,-0.713286713
HN1,B526,0.884562387,-0.884562387
HN1,B532,0.608391608,-0.608391608
HN1,B533,0.848383127,-0.848383127
HN1,B541,0.826629714,-0.826629714
HN1,B543,0.84354992,-0.84354992
HN1,B546,0.86013986,-0.86013986
HN1,B549,0.884562387,-0.884562387
HN1,B552,0.809915772,-0.809915772
HN1,B553,0.807957096,-0.807957096
HN1,B556,0.914421033,-0.914421033
HN1,B558,0.765127803,-0.765127803
HN1,B560,0.739454956,-0.739454956
HN1,B563,0.855634265,-0.855634265
HN1,B564,0.887345947,-0.887345947
HN1,B575,0.787521788,-0.787521788
HN1,B581,0.8048763,-0.8048763
HN1,B587,0.65034965,-0.65034965
HN1,B590,0.685314685,-0.685314685
HN1,B592,0.767624669,-0.767624669
HN1,B598,0.727272727,-0.727272727
HN1,B600,0.70336037,-0.70336037
HN1,B601,0.809108071,-0.809108071
HN1,B602,0.832167832,-0.832167832
HN1,B603,0.935396781,-0.935396781
HN1,B609,0.886261308,-0.886261308
HN1,B613,0.740330731,-0.740330731
HN1,B614,0.783122887,-0.783122887
HN1,B617,0.683016527,-0.683016527
HN1,B620,0.797202797,-0.797202797
HN1,B621,0.899141092,-0.899141092
HN1,B622,0.75019848,-0.75019848
HN1,B627,0.694060061,-0.694060061
HN1,B629,0.671328671,-0.671328671
HN1,B637,0.798600174,-0.798600174
HN1,B639,0.664335664,-0.664335664
HN1,B640,0.742733819,-0.742733819
HN1,B642,0.643356643,-0.643356643
HN1,B652,0.783122887,-0.783122887
HN1,B654,0.699300699,-0.699300699
HN1,B656,0.921885695,-0.921885695
HN1,B661,0.70336037,-0.70336037
HN1,B663,0.847109202,-0.847109202
HN1,B667,0.781709525,-0.781709525
HN2,B4,0.811188811,-0.811188811
HN2,B19,0.643356643,-0.643356643
HN2,B23,0.706293706,-0.706293706
HN2,B25,0.747449296,-0.747449296
HN2,B26,0.783216783,-0.783216783
HN2,B31,0.678321678,-0.678321678
HN2,B32,0.705410511,-0.705410511
HN2,B33,0.715415755,-0.715415755
HN2,B37,0.769230769,-0.769230769
HN2,B38,0.64790339,-0.64790339
HN2,B43,0.805605439,-0.805605439
HN2,B45,0.647986983,-0.647986983
HN2,B48,0.717862646,-0.717862646
HN2,B53,0.748251748,-0.748251748
HN2,B56,0.811188811,-0.811188811
HN2,B65,0.633818534,-0.633818534
HN2,B67,0.720339834,-0.720339834
HN2,B68,0.884562387,-0.884562387
HN2,B70,0.753065953,-0.753065953
HN2,B72,0.742733819,-0.742733819
HN2,B79,0.65034965,-0.65034965
HN2,B80,0.676073103,-0.676073103
HN2,B84,0.711285243,-0.711285243
HN2,B86,0.902097902,-0.902097902
HN2,B87,0.757663142,-0.757663142
HN2,B97,0.664335664,-0.664335664
HN2,B100,0.748251748,-0.748251748
HN2,B106,0.775871749,-0.775871749
HN2,B114,0.734265734,-0.734265734
HN2,B123,0.754118335,-0.754118335
HN2,B124,0.706293706,-0.706293706
HN2,B126,0.774667097,-0.774667097
HN2,B129,0.692307692,-0.692307692
HN2,B132,0.746497384,-0.746497384
HN2,B140,0.82931279,-0.82931279
HN2,B146,0.770579115,-0.770579115
HN2,B152,0.757663142,-0.757663142
HN2,B155,0.654992248,-0.654992248
HN2,B163,0.757663142,-0.757663142
HN2,B175,0.712875173,-0.712875173
HN2,B181,0.674355819,-0.674355819
HN2,B184,0.760071218,-0.760071218
HN2,B196,0.748251748,-0.748251748
HN2,B201,0.832309757,-0.832309757
HN2,B203,0.798600174,-0.798600174
HN2,B207,0.797202797,-0.797202797
HN2,B209,0.65034965,-0.65034965
HN2,B210,0.772592465,-0.772592465
HN2,B211,0.811188811,-0.811188811
HN2,B212,0.770579115,-0.770579115
HN2,B225,0.688858095,-0.688858095
HN2,B233,0.728547527,-0.728547527
HN2,B235,0.727804496,-0.727804496
HN2,B236,0.726093602,-0.726093602
HN2,B242,0.696109232,-0.696109232
HN2,B243,0.657342657,-0.657342657
HN2,B244,0.780057126,-0.780057126
HN2,B247,0.86013986,-0.86013986
HN2,B261,0.797202797,-0.797202797
HN2,B265,0.891889954,-0.891889954
HN2,B278,0.725113784,-0.725113784
HN2,B280,0.75019848,-0.75019848
HN2,B281,0.787521788,-0.787521788
HN2,B284,0.61296066,-0.61296066
HN2,B292,0.854703741,-0.854703741
HN2,B293,0.839774418,-0.839774418
HN2,B295,0.756568586,-0.756568586
HN2,B299,0.729652884,-0.729652884
HN2,B305,0.720339834,-0.720339834
HN2,B311,0.664335664,-0.664335664
HN2,B314,0.735269157,-0.735269157
HN2,B317,0.824845095,-0.824845095
HN2,B319,0.627031566,-0.627031566
HN2,B323,0.807957096,-0.807957096
HN2,B325,0.783122887,-0.783122887
HN2,B326,0.826629714,-0.826629714
HN2,B329,0.770579115,-0.770579115
HN2,B333,0.783216783,-0.783216783
HN2,B336,0.707531733,-0.707531733
HN2,B337,0.727272727,-0.727272727
HN2,B339,0.812127438,-0.812127438
HN2,B349,0.706293706,-0.706293706
HN2,B351,0.793719967,-0.793719967
HN2,B353,0.715415755,-0.715415755
HN2,B354,0.7253701,-0.7253701
HN2,B357,0.831006522,-0.831006522
HN2,B360,0.76058224,-0.76058224
HN2,B365,0.742733819,-0.742733819
HN2,B366,0.757663142,-0.757663142
HN2,B369,0.802836809,-0.802836809
HN2,B370,0.809915772,-0.809915772
HN2,B372,0.699300699,-0.699300699
HN2,B373,0.65034965,-0.65034965
HN2,B378,0.826629714,-0.826629714
HN2,B384,0.790374024,-0.790374024
HN2,B386,0.671328671,-0.671328671
HN2,B392,0.688858095,-0.688858095
HN2,B393,0.817380434,-0.817380434
HN2,B394,0.79020979,-0.79020979
HN2,B399,0.741258741,-0.741258741
HN2,B400,0.64778939,-0.64778939
HN2,B404,0.622377622,-0.622377622
HN2,B411,0.658467237,-0.658467237
HN2,B418,0.612691249,-0.612691249
HN2,B422,0.76357385,-0.76357385
HN2,B423,0.831006522,-0.831006522
HN2,B424,0.817380434,-0.817380434
HN2,B429,0.870136541,-0.870136541
HN2,B437,0.683016527,-0.683016527
HN2,B441,0.841131989,-0.841131989
HN2,B449,0.821112765,-0.821112765
HN2,B452,0.636363636,-0.636363636
HN2,B453,0.608391608,-0.608391608
HN2,B455,0.686941496,-0.686941496
HN2,B456,0.740330731,-0.740330731
HN2,B460,0.769230769,-0.769230769
HN2,B465,0.774081748,-0.774081748
HN2,B466,0.783216783,-0.783216783
HN2,B467,0.692307692,-0.692307692
HN2,B468,0.819378576,-0.819378576
HN2,B473,0.741258741,-0.741258741
HN2,B475,0.661988246,-0.661988246
HN2,B478,0.692307692,-0.692307692
HN2,B479,0.636363636,-0.636363636
HN2,B484,0.70829719,-0.70829719
HN2,B493,0.850668484,-0.850668484
HN2,B496,0.774081748,-0.774081748
HN2,B504,0.787521788,-0.787521788
HN2,B510,0.696109232,-0.696109232
HN2,B515,0.671328671,-0.671328671
HN2,B519,0.64778939,-0.64778939
HN2,B520,0.839774418,-0.839774418
HN2,B523,0.608391608,-0.608391608
HN2,B526,0.794986449,-0.794986449
HN2,B532,0.678321678,-0.678321678
HN2,B533,0.848383127,-0.848383127
HN2,B541,0.8048763,-0.8048763
HN2,B543,0.740330731,-0.740330731
HN2,B546,0.762237762,-0.762237762
HN2,B549,0.794986449,-0.794986449
HN2,B552,0.780057126,-0.780057126
HN2,B553,0.775923555,-0.775923555
HN2,B556,0.89949171,-0.89949171
HN2,B558,0.824845095,-0.824845095
HN2,B560,0.619733677,-0.619733677
HN2,B563,0.841131989,-0.841131989
HN2,B564,0.640860962,-0.640860962
HN2,B575,0.802451111,-0.802451111
HN2,B581,0.761369473,-0.761369473
HN2,B587,0.643356643,-0.643356643
HN2,B590,0.727272727,-0.727272727
HN2,B592,0.767624669,-0.767624669
HN2,B598,0.685314685,-0.685314685
HN2,B600,0.688858095,-0.688858095
HN2,B601,0.872155453,-0.872155453
HN2,B602,0.86013986,-0.86013986
HN2,B603,0.870136541,-0.870136541
HN2,B609,0.822194226,-0.822194226
HN2,B613,0.779482837,-0.779482837
HN2,B614,0.761369473,-0.761369473
HN2,B617,0.727804496,-0.727804496
HN2,B620,0.692307692,-0.692307692
HN2,B621,0.862885403,-0.862885403
HN2,B622,0.794986449,-0.794986449
HN2,B627,0.676263649,-0.676263649
HN2,B629,0.755244755,-0.755244755
HN2,B637,0.798600174,-0.798600174
HN2,B639,0.734265734,-0.734265734
HN2,B640,0.757663142,-0.757663142
HN2,B642,0.643356643,-0.643356643
HN2,B652,0.783122887,-0.783122887
HN2,B654,0.692307692,-0.692307692
HN2,B656,0.892027049,-0.892027049
HN2,B661,0.710611508,-0.710611508
HN2,B663,0.847109202,-0.847109202
HN2,B667,0.676073103,-0.676073103
HN3,B447,0.748251748,-0.748251748
HN4,B4,0.727272727,-0.727272727
HN4,B19,0.65034965,-0.65034965
HN4,B23,0.678321678,-0.678321678
HN4,B25,0.615755849,-0.615755849
HN4,B26,0.727272727,-0.727272727
HN4,B31,0.811188811,-0.811188811
HN4,B32,0.656890212,-0.656890212
HN4,B33,0.754567861,-0.754567861
HN4,B37,0.664335664,-0.664335664
HN4,B38,0.661988246,-0.661988246
HN4,B43,0.669002777,-0.669002777
HN4,B45,0.704029101,-0.704029101
HN4,B48,0.768620611,-0.768620611
HN4,B53,0.671328671,-0.671328671
HN4,B56,0.734265734,-0.734265734
HN4,B65,0.676073103,-0.676073103
HN4,B67,0.679284196,-0.679284196
HN4,B68,0.813648103,-0.813648103
HN4,B70,0.676008042,-0.676008042
HN4,B72,0.694213519,-0.694213519
HN4,B79,0.678321678,-0.678321678
HN4,B80,0.64790339,-0.64790339
HN4,B84,0.633818534,-0.633818534
HN4,B86,0.636363636,-0.636363636
HN4,B87,0.753930811,-0.753930811
HN4,B97,0.692307692,-0.692307692
HN4,B99,0.711285243,-0.711285243
HN4,B100,0.72027972,-0.72027972
HN4,B114,0.874125874,-0.874125874
HN4,B123,0.63810013,-0.63810013
HN4,B124,0.804195804,-0.804195804
HN4,B126,0.661988246,-0.661988246
HN4,B132,0.64790339,-0.64790339
HN4,B140,0.640670825,-0.640670825
HN4,B146,0.704029101,-0.704029101
HN4,B152,0.679284196,-0.679284196
HN4,B155,0.739055424,-0.739055424
HN4,B163,0.679284196,-0.679284196
HN4,B175,0.724072165,-0.724072165
HN4,B181,0.739616059,-0.739616059
HN4,B196,0.622377622,-0.622377622
HN4,B201,0.716607504,-0.716607504
HN4,B203,0.605955395,-0.605955395
HN4,B209,0.839160839,-0.839160839
HN4,B210,0.739001488,-0.739001488
HN4,B211,0.657342657,-0.657342657
HN4,B212,0.721542262,-0.721542262
HN4,B225,0.833880851,-0.833880851
HN4,B233,0.676008042,-0.676008042
HN4,B235,0.709142842,-0.709142842
HN4,B236,0.654907955,-0.654907955
HN4,B242,0.899141092,-0.899141092
HN4,B244,0.656890212,-0.656890212
HN4,B247,0.678321678,-0.678321678
HN4,B261,0.643356643,-0.643356643
HN4,B265,0.754118335,-0.754118335
HN4,B268,0.769230769,-0.769230769
HN4,B278,0.70336037,-0.70336037
HN4,B280,0.64942555,-0.64942555
HN4,B281,0.64942555,-0.64942555
HN4,B284,0.633976454,-0.633976454
HN4,B292,0.843506749,-0.843506749
HN4,B293,0.74646615,-0.74646615
HN4,B295,0.683013307,-0.683013307
HN4,B305,0.753930811,-0.753930811
HN4,B311,0.797202797,-0.797202797
HN4,B314,0.701678181,-0.701678181
HN4,B317,0.836042088,-0.836042088
HN4,B319,0.634496227,-0.634496227
HN4,B323,0.662026519,-0.662026519
HN4,B325,0.609095578,-0.609095578
HN4,B326,0.746867197,-0.746867197
HN4,B332,0.686515939,-0.686515939
HN4,B333,0.811188811,-0.811188811
HN4,B337,0.748251748,-0.748251748
HN4,B339,0.833880851,-0.833880851
HN4,B349,0.776223776,-0.776223776
HN4,B353,0.658467237,-0.658467237
HN4,B354,0.654945818,-0.654945818
HN4,B357,0.7253701,-0.7253701
HN4,B360,0.619733677,-0.619733677
HN4,B365,0.694213519,-0.694213519
HN4,B366,0.753930811,-0.753930811
HN4,B369,0.767624669,-0.767624669
HN4,B370,0.776324796,-0.776324796
HN4,B371,0.718327672,-0.718327672
HN4,B372,0.678321678,-0.678321678
HN4,B376,0.692307692,-0.692307692
HN4,B379,0.697619343,-0.697619343
HN4,B384,0.746867197,-0.746867197
HN4,B386,0.615384615,-0.615384615
HN4,B392,0.630848992,-0.630848992
HN4,B393,0.694213519,-0.694213519
HN4,B394,0.818181818,-0.818181818
HN4,B400,0.715415755,-0.715415755
HN4,B401,0.622377622,-0.622377622
HN4,B404,0.818181818,-0.818181818
HN4,B411,0.758127143,-0.758127143
HN4,B418,0.718327672,-0.718327672
HN4,B422,0.640981719,-0.640981719
HN4,B423,0.654945818,-0.654945818
HN4,B424,0.768860134,-0.768860134
HN4,B429,0.775871749,-0.775871749
HN4,B437,0.679284196,-0.679284196
HN4,B441,0.623597854,-0.623597854
HN4,B449,0.683016527,-0.683016527
HN4,B452,0.713286713,-0.713286713
HN4,B453,0.748251748,-0.748251748
HN4,B455,0.605078001,-0.605078001
HN4,B456,0.711856472,-0.711856472
HN4,B460,0.671328671,-0.671328671
HN4,B465,0.665500145,-0.665500145
HN4,B466,0.818181818,-0.818181818
HN4,B467,0.727272727,-0.727272727
HN4,B468,0.681606957,-0.681606957
HN4,B473,0.685314685,-0.685314685
HN4,B475,0.739454956,-0.739454956
HN4,B479,0.699300699,-0.699300699
HN4,B484,0.654907955,-0.654907955
HN4,B489,0.755244755,-0.755244755
HN4,B493,0.761686425,-0.761686425
HN4,B496,0.760071218,-0.760071218
HN4,B504,0.79871878,-0.79871878
HN4,B510,0.696109232,-0.696109232
HN4,B515,0.762237762,-0.762237762
HN4,B519,0.704737908,-0.704737908
HN4,B520,0.821112765,-0.821112765
HN4,B523,0.685314685,-0.685314685
HN4,B526,0.753930811,-0.753930811
HN4,B532,0.727272727,-0.727272727
HN4,B533,0.688858095,-0.688858095
HN4,B541,0.732364922,-0.732364922
HN4,B546,0.65034965,-0.65034965
HN4,B549,0.753930811,-0.753930811
HN4,B552,0.731536827,-0.731536827
HN4,B553,0.658467237,-0.658467237
HN4,B556,0.836042088,-0.836042088
HN4,B558,0.724072165,-0.724072165
HN4,B560,0.64790339,-0.64790339
HN4,B563,0.696109232,-0.696109232
HN4,B564,0.732412528,-0.732412528
HN4,B575,0.783789457,-0.783789457
HN4,B587,0.79020979,-0.79020979
HN4,B590,0.881118881,-0.881118881
HN4,B591,0.755244755,-0.755244755
HN4,B592,0.774667097,-0.774667097
HN4,B594,0.636363636,-0.636363636
HN4,B600,0.761369473,-0.761369473
HN4,B601,0.690018571,-0.690018571
HN4,B603,0.775871749,-0.775871749
HN4,B609,0.754567861,-0.754567861
HN4,B614,0.630848992,-0.630848992
HN4,B617,0.74646615,-0.74646615
HN4,B620,0.72027972,-0.72027972
HN4,B621,0.819378576,-0.819378576
HN4,B622,0.828577426,-0.828577426
HN4,B629,0.748251748,-0.748251748
HN4,B637,0.77758438,-0.77758438
HN4,B640,0.679284196,-0.679284196
HN4,B642,0.608391608,-0.608391608
HN4,B652,0.609095578,-0.609095578
HN4,B654,0.671328671,-0.671328671
HN4,B656,0.768860134,-0.768860134
HN4,B661,0.717862646,-0.717862646
HN4,B663,0.729652884,-0.729652884
HN4,B667,0.669030674,-0.669030674
HN5,B4,0.794986449,-0.794986449
HN5,B19,0.787521788,-0.787521788
HN5,B23,0.914421033,-0.914421033
HN5,B25,0.824457612,-0.824457612
HN5,B26,0.84723908,-0.84723908
HN5,B31,0.89949171,-0.89949171
HN5,B32,0.860557769,-0.860557769
HN5,B33,0.839654987,-0.839654987
HN5,B37,0.824845095,-0.824845095
HN5,B38,0.845709294,-0.845709294
HN5,B43,0.837507544,-0.837507544
HN5,B45,0.800118814,-0.800118814
HN5,B48,0.870772769,-0.870772769
HN5,B53,0.817380434,-0.817380434
HN5,B56,0.84723908,-0.84723908
HN5,B63,0.74646615,-0.74646615
HN5,B65,0.785569966,-0.785569966
HN5,B67,0.860557769,-0.860557769
HN5,B68,0.860557769,-0.860557769
HN5,B70,0.80759656,-0.80759656
HN5,B72,0.860557769,-0.860557769
HN5,B79,0.780057126,-0.780057126
HN5,B80,0.905848621,-0.905848621
HN5,B84,0.860744126,-0.860744126
HN5,B86,0.712875173,-0.712875173
HN5,B87,0.860557769,-0.860557769
HN5,B97,0.877097726,-0.877097726
HN5,B99,0.808122214,-0.808122214
HN5,B100,0.817380434,-0.817380434
HN5,B106,0.847552161,-0.847552161
HN5,B114,0.802451111,-0.802451111
HN5,B123,0.801110947,-0.801110947
HN5,B124,0.817380434,-0.817380434
HN5,B126,0.85322671,-0.85322671
HN5,B129,0.787521788,-0.787521788
HN5,B132,0.781811258,-0.781811258
HN5,B140,0.786464174,-0.786464174
HN5,B146,0.852463036,-0.852463036
HN5,B152,0.860557769,-0.860557769
HN5,B155,0.788902195,-0.788902195
HN5,B163,0.860557769,-0.860557769
HN5,B175,0.860557769,-0.860557769
HN5,B181,0.870772769,-0.870772769
HN5,B184,0.785163322,-0.785163322
HN5,B196,0.854703741,-0.854703741
HN5,B201,0.860557769,-0.860557769
HN5,B203,0.788902195,-0.788902195
HN5,B207,0.780057126,-0.780057126
HN5,B209,0.839774418,-0.839774418
HN5,B210,0.860557769,-0.860557769
HN5,B211,0.832309757,-0.832309757
HN5,B212,0.815074306,-0.815074306
HN5,B225,0.870772769,-0.870772769
HN5,B233,0.830029798,-0.830029798
HN5,B235,0.860557769,-0.860557769
HN5,B236,0.86245105,-0.86245105
HN5,B242,0.801110947,-0.801110947
HN5,B243,0.914421033,-0.914421033
HN5,B244,0.860557769,-0.860557769
HN5,B247,0.824845095,-0.824845095
HN5,B261,0.832309757,-0.832309757
HN5,B265,0.847552161,-0.847552161
HN5,B268,0.869633064,-0.869633064
HN5,B278,0.893993376,-0.893993376
HN5,B280,0.860557769,-0.860557769
HN5,B281,0.860557769,-0.860557769
HN5,B284,0.852463036,-0.852463036
HN5,B292,0.860557769,-0.860557769
HN5,B293,0.860557769,-0.860557769
HN5,B295,0.837507544,-0.837507544
HN5,B299,0.786464174,-0.786464174
HN5,B305,0.860557769,-0.860557769
HN5,B311,0.89949171,-0.89949171
HN5,B314,0.860557769,-0.860557769
HN5,B317,0.860557769,-0.860557769
HN5,B319,0.762948207,-0.762948207
HN5,B323,0.763668111,-0.763668111
HN5,B325,0.847552161,-0.847552161
HN5,B326,0.77789034,-0.77789034
HN5,B329,0.800118814,-0.800118814
HN5,B332,0.889851765,-0.889851765
HN5,B333,0.854703741,-0.854703741
HN5,B336,0.837507544,-0.837507544
HN5,B337,0.794986449,-0.794986449
HN5,B339,0.893993376,-0.893993376
HN5,B349,0.914421033,-0.914421033
HN5,B351,0.786464174,-0.786464174
HN5,B353,0.718075985,-0.718075985
HN5,B354,0.785569966,-0.785569966
HN5,B357,0.845709294,-0.845709294
HN5,B360,0.763017718,-0.763017718
HN5,B362,0.686748858,-0.686748858
HN5,B365,0.860557769,-0.860557769
HN5,B366,0.860557769,-0.860557769
HN5,B369,0.905848621,-0.905848621
HN5,B370,0.860557769,-0.860557769
HN5,B371,0.887055081,-0.887055081
HN5,B372,0.817380434,-0.817380434
HN5,B376,0.862168403,-0.862168403
HN5,B378,0.847552161,-0.847552161
HN5,B379,0.915641864,-0.915641864
HN5,B384,0.893993376,-0.893993376
HN5,B386,0.75019848,-0.75019848
HN5,B392,0.77789034,-0.77789034
HN5,B393,0.860557769,-0.860557769
HN5,B394,0.809915772,-0.809915772
HN5,B397,0.664354873,-0.664354873
HN5,B399,0.727804496,-0.727804496
HN5,B400,0.854852363,-0.854852363
HN5,B404,0.802451111,-0.802451111
HN5,B411,0.835855643,-0.835855643
HN5,B418,0.928400869,-0.928400869
HN5,B422,0.852463036,-0.852463036
HN5,B423,0.740465471,-0.740465471
HN5,B424,0.860557769,-0.860557769
HN5,B429,0.847552161,-0.847552161
HN5,B437,0.860557769,-0.860557769
HN5,B441,0.847552161,-0.847552161
HN5,B449,0.707171315,-0.707171315
HN5,B452,0.794986449,-0.794986449
HN5,B453,0.869633064,-0.869633064
HN5,B455,0.896645145,-0.896645145
HN5,B456,0.86245105,-0.86245105
HN5,B460,0.809915772,-0.809915772
HN5,B465,0.702908117,-0.702908117
HN5,B466,0.802451111,-0.802451111
HN5,B467,0.854703741,-0.854703741
HN5,B468,0.847552161,-0.847552161
HN5,B473,0.75019848,-0.75019848
HN5,B475,0.808122214,-0.808122214
HN5,B478,0.716607504,-0.716607504
HN5,B479,0.802451111,-0.802451111
HN5,B484,0.801661549,-0.801661549
HN5,B489,0.839774418,-0.839774418
HN5,B493,0.896645145,-0.896645145
HN5,B496,0.740296847,-0.740296847
HN5,B504,0.860557769,-0.860557769
HN5,B510,0.824331554,-0.824331554
HN5,B515,0.824845095,-0.824845095
HN5,B519,0.870049738,-0.870049738
HN5,B520,0.860557769,-0.860557769
HN5,B523,0.929350356,-0.929350356
HN5,B526,0.860557769,-0.860557769
HN5,B532,0.794986449,-0.794986449
HN5,B533,0.847552161,-0.847552161
HN5,B541,0.824331554,-0.824331554
HN5,B543,0.824457612,-0.824457612
HN5,B546,0.892027049,-0.892027049
HN5,B549,0.860557769,-0.860557769
HN5,B552,0.860557769,-0.860557769
HN5,B553,0.824457612,-0.824457612
HN5,B556,0.860557769,-0.860557769
HN5,B558,0.860557769,-0.860557769
HN5,B560,0.81563963,-0.81563963
HN5,B563,0.847552161,-0.847552161
HN5,B564,0.808122214,-0.808122214
HN5,B575,0.860557769,-0.860557769
HN5,B580,0.64942555,-0.64942555
HN5,B581,0.847552161,-0.847552161
HN5,B587,0.862168403,-0.862168403
HN5,B590,0.817380434,-0.817380434
HN5,B591,0.742733819,-0.742733819
HN5,B592,0.77805255,-0.77805255
HN5,B594,0.817380434,-0.817380434
HN5,B598,0.877097726,-0.877097726
HN5,B600,0.870772769,-0.870772769
HN5,B601,0.785163322,-0.785163322
HN5,B602,0.772592465,-0.772592465
HN5,B603,0.824331554,-0.824331554
HN5,B609,0.801661549,-0.801661549
HN5,B613,0.881447769,-0.881447769
HN5,B614,0.77789034,-0.77789034
HN5,B617,0.860557769,-0.860557769
HN5,B620,0.64942555,-0.64942555
HN5,B621,0.77789034,-0.77789034
HN5,B622,0.860557769,-0.860557769
HN5,B629,0.862168403,-0.862168403
HN5,B637,0.822552052,-0.822552052
HN5,B639,0.794986449,-0.794986449
HN5,B640,0.860557769,-0.860557769
HN5,B642,0.877097726,-0.877097726
HN5,B652,0.847552161,-0.847552161
HN5,B654,0.802451111,-0.802451111
HN5,B656,0.860557769,-0.860557769
HN5,B661,0.77789034,-0.77789034
HN5,B663,0.725674672,-0.725674672
HN5,B667,0.763017718,-0.763017718
HN6,B4,0.70829719,-0.70829719
HN6,B25,0.626811594,-0.626811594
HN6,B32,0.778865486,-0.778865486
HN6,B33,0.68115942,-0.68115942
HN6,B37,0.658467237,-0.658467237
HN6,B38,0.652367464,-0.652367464
HN6,B43,0.695276643,-0.695276643
HN6,B45,0.773718111,-0.773718111
HN6,B48,0.727061029,-0.727061029
HN6,B53,0.686941496,-0.686941496
HN6,B56,0.651348672,-0.651348672
HN6,B63,0.839990637,-0.839990637
HN6,B65,0.784991618,-0.784991618
HN6,B67,0.744671391,-0.744671391
HN6,B68,0.740872048,-0.740872048
HN6,B72,0.718075985,-0.718075985
HN6,B79,0.608637284,-0.608637284
HN6,B86,0.82931279,-0.82931279
HN6,B87,0.710477297,-0.710477297
HN6,B100,0.605078001,-0.605078001
HN6,B106,0.745514355,-0.745514355
HN6,B114,0.76880499,-0.76880499
HN6,B123,0.704917038,-0.704917038
HN6,B124,0.672704366,-0.672704366
HN6,B126,0.69896514,-0.69896514
HN6,B132,0.630860844,-0.630860844
HN6,B140,0.764492754,-0.764492754
HN6,B146,0.745193941,-0.745193941
HN6,B152,0.725674672,-0.725674672
HN6,B155,0.65605591,-0.65605591
HN6,B163,0.778865486,-0.778865486
HN6,B175,0.664885171,-0.664885171
HN6,B181,0.693845043,-0.693845043
HN6,B201,0.786464174,-0.786464174
HN6,B203,0.727366335,-0.727366335
HN6,B207,0.715415755,-0.715415755
HN6,B209,0.683382213,-0.683382213
HN6,B210,0.725674672,-0.725674672
HN6,B211,0.733212166,-0.733212166
HN6,B212,0.645359346,-0.645359346
HN6,B233,0.773718111,-0.773718111
HN6,B235,0.710477297,-0.710477297
HN6,B236,0.612318841,-0.612318841
HN6,B243,0.654907955,-0.654907955
HN6,B244,0.81305958,-0.81305958
HN6,B247,0.697619343,-0.697619343
HN6,B261,0.640670825,-0.640670825
HN6,B265,0.608959745,-0.608959745
HN6,B278,0.715989034,-0.715989034
HN6,B280,0.794062861,-0.794062861
HN6,B281,0.847253675,-0.847253675
HN6,B284,0.68458008,-0.68458008
HN6,B292,0.664885171,-0.664885171
HN6,B293,0.828256956,-0.828256956
HN6,B295,0.65605591,-0.65605591
HN6,B299,0.68115942,-0.68115942
HN6,B305,0.630691076,-0.630691076
HN6,B311,0.754567861,-0.754567861
HN6,B314,0.744671391,-0.744671391
HN6,B323,0.724637681,-0.724637681
HN6,B325,0.738133024,-0.738133024
HN6,B326,0.819327657,-0.819327657
HN6,B329,0.823635408,-0.823635408
HN6,B332,0.65605591,-0.65605591
HN6,B336,0.795111238,-0.795111238
HN6,B337,0.729652884,-0.729652884
HN6,B339,0.656938392,-0.656938392
HN6,B351,0.829710145,-0.829710145
HN6,B354,0.946291266,-0.946291266
HN6,B357,0.634445281,-0.634445281
HN6,B360,0.734809506,-0.734809506
HN6,B365,0.786464174,-0.786464174
HN6,B366,0.657286483,-0.657286483
HN6,B370,0.691480578,-0.691480578
HN6,B372,0.743890014,-0.743890014
HN6,B376,0.697619343,-0.697619343
HN6,B378,0.752895685,-0.752895685
HN6,B379,0.695652174,-0.695652174
HN6,B384,0.826708987,-0.826708987
HN6,B386,0.637111543,-0.637111543
HN6,B392,0.823018322,-0.823018322
HN6,B393,0.847253675,-0.847253675
HN6,B394,0.669145084,-0.669145084
HN6,B399,0.740330731,-0.740330731
HN6,B400,0.710144928,-0.710144928
HN6,B404,0.619315131,-0.619315131
HN6,B411,0.630434783,-0.630434783
HN6,B422,0.691711122,-0.691711122
HN6,B423,0.802913801,-0.802913801
HN6,B424,0.706677953,-0.706677953
HN6,B437,0.691480578,-0.691480578
HN6,B441,0.752895685,-0.752895685
HN6,B452,0.747449296,-0.747449296
HN6,B453,0.64778939,-0.64778939
HN6,B455,0.699275362,-0.699275362
HN6,B460,0.761686425,-0.761686425
HN6,B465,0.720235292,-0.720235292
HN6,B466,0.733212166,-0.733212166
HN6,B467,0.605078001,-0.605078001
HN6,B468,0.627413071,-0.627413071
HN6,B473,0.747449296,-0.747449296
HN6,B475,0.802913801,-0.802913801
HN6,B479,0.76880499,-0.76880499
HN6,B484,0.807971014,-0.807971014
HN6,B489,0.605078001,-0.605078001
HN6,B493,0.68115942,-0.68115942
HN6,B496,0.613269655,-0.613269655
HN6,B510,0.723370364,-0.723370364
HN6,B515,0.718975037,-0.718975037
HN6,B520,0.657286483,-0.657286483
HN6,B523,0.626433696,-0.626433696
HN6,B526,0.680082546,-0.680082546
HN6,B532,0.747449296,-0.747449296
HN6,B533,0.675391717,-0.675391717
HN6,B541,0.830399652,-0.830399652
HN6,B543,0.65942029,-0.65942029
HN6,B546,0.70829719,-0.70829719
HN6,B549,0.672483859,-0.672483859
HN6,B552,0.725674672,-0.725674672
HN6,B553,0.626811594,-0.626811594
HN6,B556,0.706677953,-0.706677953
HN6,B558,0.847253675,-0.847253675
HN6,B560,0.630860844,-0.630860844
HN6,B563,0.634794401,-0.634794401
HN6,B564,0.695380703,-0.695380703
HN6,B575,0.714276641,-0.714276641
HN6,B580,0.740330731,-0.740330731
HN6,B581,0.679082382,-0.679082382
HN6,B587,0.626433696,-0.626433696
HN6,B590,0.70829719,-0.70829719
HN6,B592,0.69896514,-0.69896514
HN6,B594,0.612196566,-0.612196566
HN6,B598,0.669145084,-0.669145084
HN6,B600,0.701226373,-0.701226373
HN6,B602,0.669145084,-0.669145084
HN6,B603,0.804564997,-0.804564997
HN6,B609,0.815217391,-0.815217391
HN6,B613,0.789855072,-0.789855072
HN6,B614,0.922666281,-0.922666281
HN6,B617,0.691480578,-0.691480578
HN6,B621,0.719679699,-0.719679699
HN6,B622,0.630691076,-0.630691076
HN6,B638,0.612196566,-0.612196566
HN6,B639,0.686941496,-0.686941496
HN6,B640,0.81305958,-0.81305958
HN6,B642,0.637111543,-0.637111543
HN6,B652,0.712298369,-0.712298369
HN6,B654,0.726093602,-0.726093602
HN6,B656,0.801661549,-0.801661549
HN6,B661,0.730751694,-0.730751694
HN6,B663,0.706521739,-0.706521739
HN6,B667,0.817251548,-0.817251548
HN7,B4,0.717862646,-0.717862646
HN7,B19,0.761369473,-0.761369473
HN7,B23,0.841131989,-0.841131989
HN7,B25,0.885759629,-0.885759629
HN7,B26,0.877387678,-0.877387678
HN7,B31,0.899141092,-0.899141092
HN7,B32,0.870772769,-0.870772769
HN7,B33,0.815636992,-0.815636992
HN7,B37,0.696109232,-0.696109232
HN7,B38,0.817866926,-0.817866926
HN7,B43,0.835342519,-0.835342519
HN7,B45,0.802655203,-0.802655203
HN7,B48,0.789473684,-0.789473684
HN7,B53,0.833880851,-0.833880851
HN7,B56,0.8048763,-0.8048763
HN7,B63,0.674355819,-0.674355819
HN7,B65,0.847076459,-0.847076459
HN7,B67,0.824331554,-0.824331554
HN7,B68,0.77789034,-0.77789034
HN7,B70,0.799023279,-0.799023279
HN7,B72,0.893993376,-0.893993376
HN7,B79,0.790374024,-0.790374024
HN7,B80,0.861681225,-0.861681225
HN7,B84,0.795959776,-0.795959776
HN7,B86,0.70336037,-0.70336037
HN7,B87,0.824331554,-0.824331554
HN7,B97,0.913643368,-0.913643368
HN7,B99,0.803262159,-0.803262159
HN7,B100,0.746867197,-0.746867197
HN7,B106,0.857142857,-0.857142857
HN7,B114,0.783122887,-0.783122887
HN7,B120,0.617427079,-0.617427079
HN7,B123,0.812030075,-0.812030075
HN7,B124,0.848383127,-0.848383127
HN7,B126,0.788657393,-0.788657393
HN7,B129,0.725113784,-0.725113784
HN7,B132,0.679121644,-0.679121644
HN7,B140,0.701226373,-0.701226373
HN7,B146,0.799023279,-0.799023279
HN7,B152,0.870772769,-0.870772769
HN7,B155,0.882557531,-0.882557531
HN7,B163,0.801110947,-0.801110947
HN7,B175,0.870772769,-0.870772769
HN7,B181,0.812030075,-0.812030075
HN7,B184,0.769967887,-0.769967887
HN7,B196,0.812127438,-0.812127438
HN7,B201,0.801110947,-0.801110947
HN7,B203,0.679169787,-0.679169787
HN7,B207,0.725113784,-0.725113784
HN7,B209,0.841131989,-0.841131989
HN7,B210,0.893993376,-0.893993376
HN7,B211,0.768620611,-0.768620611
HN7,B212,0.795391355,-0.795391355
HN7,B225,0.902255639,-0.902255639
HN7,B233,0.791759431,-0.791759431
HN7,B235,0.870772769,-0.870772769
HN7,B236,0.867306304,-0.867306304
HN7,B242,0.781954887,-0.781954887
HN7,B243,0.884638816,-0.884638816
HN7,B244,0.824331554,-0.824331554
HN7,B247,0.775871749,-0.775871749
HN7,B261,0.775871749,-0.775871749
HN7,B265,0.812030075,-0.812030075
HN7,B268,0.841131989,-0.841131989
HN7,B278,0.857142857,-0.857142857
HN7,B280,0.893993376,-0.893993376
HN7,B281,0.824331554,-0.824331554
HN7,B284,0.780863659,-0.780863659
HN7,B292,0.77789034,-0.77789034
HN7,B293,0.77789034,-0.77789034
HN7,B295,0.835342519,-0.835342519
HN7,B299,0.811946327,-0.811946327
HN7,B305,0.870772769,-0.870772769
HN7,B311,0.90639223,-0.90639223
HN7,B314,0.870772769,-0.870772769
HN7,B317,0.847552161,-0.847552161
HN7,B319,0.661787304,-0.661787304
HN7,B323,0.804564997,-0.804564997
HN7,B325,0.766917293,-0.766917293
HN7,B326,0.766917293,-0.766917293
HN7,B329,0.733648647,-0.733648647
HN7,B332,0.860765987,-0.860765987
HN7,B333,0.920894505,-0.920894505
HN7,B336,0.813550975,-0.813550975
HN7,B337,0.783122887,-0.783122887
HN7,B339,0.834586466,-0.834586466
HN7,B349,0.899141092,-0.899141092
HN7,B351,0.723370364,-0.723370364
HN7,B354,0.75944786,-0.75944786
HN7,B357,0.774052626,-0.774052626
HN7,B360,0.810564543,-0.810564543
HN7,B362,0.616346716,-0.616346716
HN7,B365,0.824331554,-0.824331554
HN7,B366,0.893993376,-0.893993376
HN7,B369,0.839774076,-0.839774076
HN7,B370,0.870772769,-0.870772769
HN7,B371,0.788657393,-0.788657393
HN7,B372,0.688858095,-0.688858095
HN7,B376,0.833880851,-0.833880851
HN7,B378,0.789473684,-0.789473684
HN7,B379,0.870996969,-0.870996969
HN7,B384,0.766917293,-0.766917293
HN7,B386,0.819378576,-0.819378576
HN7,B392,0.834586466,-0.834586466
HN7,B393,0.77789034,-0.77789034
HN7,B394,0.812127438,-0.812127438
HN7,B397,0.616346716,-0.616346716
HN7,B399,0.746867197,-0.746867197
HN7,B400,0.882068964,-0.882068964
HN7,B401,0.696109232,-0.696109232
HN7,B404,0.790374024,-0.790374024
HN7,B411,0.878378299,-0.878378299
HN7,B418,0.883588375,-0.883588375
HN7,B422,0.864397911,-0.864397911
HN7,B423,0.803262159,-0.803262159
HN7,B424,0.893993376,-0.893993376
HN7,B429,0.812030075,-0.812030075
HN7,B437,0.893993376,-0.893993376
HN7,B441,0.766917293,-0.766917293
HN7,B449,0.68113781,-0.68113781
HN7,B452,0.812127438,-0.812127438
HN7,B453,0.8048763,-0.8048763
HN7,B455,0.811946327,-0.811946327
HN7,B456,0.867306304,-0.867306304
HN7,B460,0.768620611,-0.768620611
HN7,B465,0.817182899,-0.817182899
HN7,B466,0.732364922,-0.732364922
HN7,B467,0.942647919,-0.942647919
HN7,B468,0.857142857,-0.857142857
HN7,B473,0.659853543,-0.659853543
HN7,B475,0.752145476,-0.752145476
HN7,B478,0.761369473,-0.761369473
HN7,B479,0.819378576,-0.819378576
HN7,B484,0.800874332,-0.800874332
HN7,B489,0.761369473,-0.761369473
HN7,B493,0.767658345,-0.767658345
HN7,B496,0.733648647,-0.733648647
HN7,B504,0.870772769,-0.870772769
HN7,B510,0.857142857,-0.857142857
HN7,B515,0.775871749,-0.775871749
HN7,B519,0.882068964,-0.882068964
HN7,B520,0.824331554,-0.824331554
HN7,B523,0.913643368,-0.913643368
HN7,B526,0.893993376,-0.893993376
HN7,B532,0.739616059,-0.739616059
HN7,B533,0.857142857,-0.857142857
HN7,B541,0.812030075,-0.812030075
HN7,B543,0.863615639,-0.863615639
HN7,B546,0.855634265,-0.855634265
HN7,B549,0.893993376,-0.893993376
HN7,B552,0.893993376,-0.893993376
HN7,B553,0.885759629,-0.885759629
HN7,B556,0.824331554,-0.824331554
HN7,B558,0.77789034,-0.77789034
HN7,B560,0.847076459,-0.847076459
HN7,B563,0.857142857,-0.857142857
HN7,B564,0.898193142,-0.898193142
HN7,B575,0.847552161,-0.847552161
HN7,B580,0.674355819,-0.674355819
HN7,B581,0.812030075,-0.812030075
HN7,B587,0.790374024,-0.790374024
HN7,B590,0.732364922,-0.732364922
HN7,B592,0.71563356,-0.71563356
HN7,B594,0.739616059,-0.739616059
HN7,B598,0.812127438,-0.812127438
HN7,B600,0.812030075,-0.812030075
HN7,B601,0.748176343,-0.748176343
HN7,B602,0.70336037,-0.70336037
HN7,B603,0.834586466,-0.834586466
HN7,B609,0.75658635,-0.75658635
HN7,B613,0.760277015,-0.760277015
HN7,B614,0.766917293,-0.766917293
HN7,B617,0.870772769,-0.870772769
HN7,B620,0.70336037,-0.70336037
HN7,B621,0.789473684,-0.789473684
HN7,B622,0.870772769,-0.870772769
HN7,B629,0.732364922,-0.732364922
HN7,B637,0.777231735,-0.777231735
HN7,B639,0.70336037,-0.70336037
HN7,B640,0.801110947,-0.801110947
HN7,B642,0.812127438,-0.812127438
HN7,B652,0.857142857,-0.857142857
HN7,B654,0.746867197,-0.746867197
HN7,B656,0.801110947,-0.801110947
HN7,B661,0.812030075,-0.812030075
HN7,B663,0.723370364,-0.723370364
HN7,B667,0.839774076,-0.839774076
HN8,B4,0.671328671,-0.671328671
HN8,B45,0.65849488,-0.65849488
HN8,B70,0.647986983,-0.647986983
HN8,B86,0.608391608,-0.608391608
HN8,B87,0.668087204,-0.668087204
HN8,B114,0.748251748,-0.748251748
HN8,B123,0.688858095,-0.688858095
HN8,B124,0.629370629,-0.629370629
HN8,B209,0.685314685,-0.685314685
HN8,B210,0.690481188,-0.690481188
HN8,B212,0.619965924,-0.619965924
HN8,B225,0.732364922,-0.732364922
HN8,B235,0.623299235,-0.623299235
HN8,B242,0.652602405,-0.652602405
HN8,B268,0.636363636,-0.636363636
HN8,B292,0.638228558,-0.638228558
HN8,B293,0.615834573,-0.615834573
HN8,B314,0.645693219,-0.645693219
HN8,B317,0.638228558,-0.638228558
HN8,B326,0.645351268,-0.645351268
HN8,B337,0.678321678,-0.678321678
HN8,B366,0.645693219,-0.645693219
HN8,B370,0.675551865,-0.675551865
HN8,B392,0.616346716,-0.616346716
HN8,B394,0.629370629,-0.629370629
HN8,B399,0.643356643,-0.643356643
HN8,B401,0.692307692,-0.692307692
HN8,B423,0.626776106,-0.626776106
HN8,B424,0.660622542,-0.660622542
HN8,B429,0.609095578,-0.609095578
HN8,B449,0.604637581,-0.604637581
HN8,B452,0.608391608,-0.608391608
HN8,B465,0.683013307,-0.683013307
HN8,B466,0.671328671,-0.671328671
HN8,B473,0.636363636,-0.636363636
HN8,B496,0.683013307,-0.683013307
HN8,B515,0.699300699,-0.699300699
HN8,B520,0.660622542,-0.660622542
HN8,B532,0.671328671,-0.671328671
HN8,B552,0.653157881,-0.653157881
HN8,B556,0.675551865,-0.675551865
HN8,B558,0.630763896,-0.630763896
HN8,B575,0.653157881,-0.653157881
HN8,B587,0.629370629,-0.629370629
HN8,B590,0.79020979,-0.79020979
HN8,B592,0.612691249,-0.612691249
HN8,B601,0.669002777,-0.669002777
HN8,B603,0.609095578,-0.609095578
HN8,B617,0.683016527,-0.683016527
HN8,B620,0.671328671,-0.671328671
HN8,B621,0.717862646,-0.717862646
HN8,B622,0.757663142,-0.757663142
HN8,B637,0.65849488,-0.65849488
HN8,B654,0.65034965,-0.65034965
HN8,B661,0.681606957,-0.681606957
HN8,B663,0.736771449,-0.736771449
HN9,B4,0.711285243,-0.711285243
HN9,B19,0.605648821,-0.605648821
HN9,B26,0.626776106,-0.626776106
HN9,B32,0.763017718,-0.763017718
HN9,B37,0.669030674,-0.669030674
HN9,B38,0.645390071,-0.645390071
HN9,B48,0.832471692,-0.832471692
HN9,B63,0.612691249,-0.612691249
HN9,B65,0.624113475,-0.624113475
HN9,B67,0.770535134,-0.770535134
HN9,B68,0.763017718,-0.763017718
HN9,B72,0.605151984,-0.605151984
HN9,B87,0.740465471,-0.740465471
HN9,B97,0.619733677,-0.619733677
HN9,B106,0.606097811,-0.606097811
HN9,B114,0.76058224,-0.76058224
HN9,B123,0.75944786,-0.75944786
HN9,B126,0.744680851,-0.744680851
HN9,B129,0.619733677,-0.619733677
HN9,B132,0.709219858,-0.709219858
HN9,B140,0.673874083,-0.673874083
HN9,B152,0.620186815,-0.620186815
HN9,B155,0.807771448,-0.807771448
HN9,B163,0.763017718,-0.763017718
HN9,B175,0.763017718,-0.763017718
HN9,B181,0.803262159,-0.803262159
HN9,B196,0.64790339,-0.64790339
HN9,B201,0.665291311,-0.665291311
HN9,B210,0.657773895,-0.657773895
HN9,B225,0.69372641,-0.69372641
HN9,B235,0.665291311,-0.665291311
HN9,B244,0.680326143,-0.680326143
HN9,B280,0.680326143,-0.680326143
HN9,B281,0.710395807,-0.710395807
HN9,B292,0.725430639,-0.725430639
HN9,B293,0.860744126,-0.860744126
HN9,B299,0.616523098,-0.616523098
HN9,B305,0.732948055,-0.732948055
HN9,B311,0.64790339,-0.64790339
HN9,B314,0.695360975,-0.695360975
HN9,B317,0.605151984,-0.605151984
HN9,B325,0.73754071,-0.73754071
HN9,B326,0.774052626,-0.774052626
HN9,B329,0.631402136,-0.631402136
HN9,B332,0.687840316,-0.687840316
HN9,B333,0.64790339,-0.64790339
HN9,B351,0.731225069,-0.731225069
HN9,B353,0.652367464,-0.652367464
HN9,B354,0.765957447,-0.765957447
HN9,B360,0.723404255,-0.723404255
HN9,B365,0.85322671,-0.85322671
HN9,B371,0.617021277,-0.617021277
HN9,B378,0.657214494,-0.657214494
HN9,B379,0.67745852,-0.67745852
HN9,B384,0.701028794,-0.701028794
HN9,B386,0.697200387,-0.697200387
HN9,B392,0.708331177,-0.708331177
HN9,B393,0.785569966,-0.785569966
HN9,B400,0.759900562,-0.759900562
HN9,B411,0.781407182,-0.781407182
HN9,B424,0.620186815,-0.620186815
HN9,B437,0.740465471,-0.740465471
HN9,B441,0.69372641,-0.69372641
HN9,B447,0.767624669,-0.767624669
HN9,B460,0.661988246,-0.661988246
HN9,B465,0.663148612,-0.663148612
HN9,B466,0.626776106,-0.626776106
HN9,B467,0.633818534,-0.633818534
HN9,B473,0.711285243,-0.711285243
HN9,B475,0.765957447,-0.765957447
HN9,B489,0.605648821,-0.605648821
HN9,B504,0.605151984,-0.605151984
HN9,B510,0.861681225,-0.861681225
HN9,B519,0.68821183,-0.68821183
HN9,B523,0.605648821,-0.605648821
HN9,B526,0.642739063,-0.642739063
HN9,B532,0.640860962,-0.640860962
HN9,B533,0.613400194,-0.613400194
HN9,B541,0.927402675,-0.927402675
HN9,B543,0.663120773,-0.663120773
HN9,B552,0.620186815,-0.620186815
HN9,B556,0.620186815,-0.620186815
HN9,B558,0.823157046,-0.823157046
HN9,B560,0.744680851,-0.744680851
HN9,B564,0.744680851,-0.744680851
HN9,B575,0.823157046,-0.823157046
HN9,B581,0.620702578,-0.620702578
HN9,B590,0.690157959,-0.690157959
HN9,B591,0.64790339,-0.64790339
HN9,B592,0.709219858,-0.709219858
HN9,B600,0.854378842,-0.854378842
HN9,B602,0.732412528,-0.732412528
HN9,B603,0.766750243,-0.766750243
HN9,B613,0.652367464,-0.652367464
HN9,B614,0.795959776,-0.795959776
HN9,B617,0.77805255,-0.77805255
HN9,B622,0.657773895,-0.657773895
HN9,B637,0.606710432,-0.606710432
HN9,B640,0.830674462,-0.830674462
HN9,B654,0.640860962,-0.640860962
HN9,B656,0.695360975,-0.695360975
HN9,B661,0.708331177,-0.708331177
HN9,B667,0.617021277,-0.617021277
HN10,B31,0.605078001,-0.605078001
HN10,B97,0.615755849,-0.615755849
HN10,B411,0.623188406,-0.623188406
HN10,B467,0.672704366,-0.672704366
HN12,B4,0.676263649,-0.676263649
HN12,B45,0.620400697,-0.620400697
HN12,B53,0.622874413,-0.622874413
HN12,B65,0.616523098,-0.616523098
HN12,B68,0.662985499,-0.662985499
HN12,B86,0.754567861,-0.754567861
HN12,B114,0.733212166,-0.733212166
HN12,B140,0.65942029,-0.65942029
HN12,B210,0.609794685,-0.609794685
HN12,B212,0.641793825,-0.641793825
HN12,B292,0.605995342,-0.605995342
HN12,B293,0.689580906,-0.689580906
HN12,B323,0.684782609,-0.684782609
HN12,B326,0.808255662,-0.808255662
HN12,B329,0.606138612,-0.606138612
HN12,B351,0.673913043,-0.673913043
HN12,B354,0.727640633,-0.727640633
HN12,B360,0.702549576,-0.702549576
HN12,B365,0.613594029,-0.613594029
HN12,B392,0.690154378,-0.690154378
HN12,B393,0.617393373,-0.617393373
HN12,B423,0.767069435,-0.767069435
HN12,B424,0.624992061,-0.624992061
HN12,B460,0.686941496,-0.686941496
HN12,B465,0.734497377,-0.734497377
HN12,B466,0.740330731,-0.740330731
HN12,B473,0.662026519,-0.662026519
HN12,B475,0.684627393,-0.684627393
HN12,B484,0.612318841,-0.612318841
HN12,B496,0.634662782,-0.634662782
HN12,B533,0.627413071,-0.627413071
HN12,B541,0.686463713,-0.686463713
HN12,B556,0.651587468,-0.651587468
HN12,B558,0.662985499,-0.662985499
HN12,B575,0.674383531,-0.674383531
HN12,B590,0.669145084,-0.669145084
HN12,B592,0.713302886,-0.713302886
HN12,B603,0.690154378,-0.690154378
HN12,B609,0.702898551,-0.702898551
HN12,B614,0.76396768,-0.76396768
HN12,B620,0.619315131,-0.619315131
HN12,B621,0.75658635,-0.75658635
HN12,B622,0.605995342,-0.605995342
HN12,B656,0.666784843,-0.666784843
HN12,B661,0.686463713,-0.686463713
HN12,B663,0.673913043,-0.673913043
HN12,B667,0.634445281,-0.634445281
HN1,F56,0.692307692,-0.692307692
HN1,F71,0.692307692,-0.692307692
HN1,F72,0.727272727,-0.727272727
HN1,F84,0.734265734,-0.734265734
HN1,F88,0.713286713,-0.713286713
HN1,F95,0.72027972,-0.72027972
HN1,F96,0.753065953,-0.753065953
HN1,F104,0.727272727,-0.727272727
HN1,F106,0.734265734,-0.734265734
HN1,F111,0.713286713,-0.713286713
HN1,F125,0.699300699,-0.699300699
HN1,F134,0.711285243,-0.711285243
HN1,F144,0.762237762,-0.762237762
HN1,F153,0.756568586,-0.756568586
HN1,F160,0.839160839,-0.839160839
HN1,F161,0.72027972,-0.72027972
HN1,F175,0.760071218,-0.760071218
HN1,F183,0.811188811,-0.811188811
HN1,F208,0.77758438,-0.77758438
HN1,F219,0.755244755,-0.755244755
HN1,F224,0.767076483,-0.767076483
HN1,F230,0.914421033,-0.914421033
HN1,F257,0.746497384,-0.746497384
HN1,F285,0.755244755,-0.755244755
HN1,F307,0.781709525,-0.781709525
HN1,F315,0.795794381,-0.795794381
HN1,F320,0.734265734,-0.734265734
HN1,F321,0.832167832,-0.832167832
HN1,F328,0.727272727,-0.727272727
HN1,F332,0.781087012,-0.781087012
HN1,F334,0.72027972,-0.72027972
HN1,F341,0.72027972,-0.72027972
HN1,F347,0.783122887,-0.783122887
HN1,F351,0.704242815,-0.704242815
HN1,F362,0.699300699,-0.699300699
HN1,F370,0.746497384,-0.746497384
HN1,F372,0.776223776,-0.776223776
HN1,F374,0.717862646,-0.717862646
HN1,F387,0.762237762,-0.762237762
HN1,F399,0.692307692,-0.692307692
HN1,F404,0.818181818,-0.818181818
HN1,F408,0.868464896,-0.868464896
HN1,F419,0.76058224,-0.76058224
HN1,F422,0.755244755,-0.755244755
HN1,F459,0.839160839,-0.839160839
HN2,F6,0.762237762,-0.762237762
HN2,F71,0.776223776,-0.776223776
HN2,F72,0.818181818,-0.818181818
HN2,F84,0.755244755,-0.755244755
HN2,F88,0.755244755,-0.755244755
HN2,F104,0.755244755,-0.755244755
HN2,F111,0.769230769,-0.769230769
HN2,F125,0.741258741,-0.741258741
HN2,F135,0.72027972,-0.72027972
HN2,F144,0.769230769,-0.769230769
HN2,F158,0.753539812,-0.753539812
HN2,F159,0.767624669,-0.767624669
HN2,F160,0.776223776,-0.776223776
HN2,F173,0.816921666,-0.816921666
HN2,F175,0.756568586,-0.756568586
HN2,F208,0.746060689,-0.746060689
HN2,F219,0.741258741,-0.741258741
HN2,F230,0.809915772,-0.809915772
HN2,F243,0.713286713,-0.713286713
HN2,F270,0.72027972,-0.72027972
HN2,F285,0.706293706,-0.706293706
HN2,F320,0.832167832,-0.832167832
HN2,F321,0.692307692,-0.692307692
HN2,F322,0.783216783,-0.783216783
HN2,F328,0.727272727,-0.727272727
HN2,F334,0.783216783,-0.783216783
HN2,F341,0.706293706,-0.706293706
HN2,F347,0.8048763,-0.8048763
HN2,F372,0.713286713,-0.713286713
HN2,F374,0.783122887,-0.783122887
HN2,F382,0.697200387,-0.697200387
HN2,F395,0.76058224,-0.76058224
HN2,F408,0.736771449,-0.736771449
HN2,F419,0.718327672,-0.718327672
HN2,F424,0.769230769,-0.769230769
HN2,F458,0.713286713,-0.713286713
HN2,F459,0.699300699,-0.699300699
HN3,F2,0.704029101,-0.704029101
HN3,F333,0.748251748,-0.748251748
HN4,F11,0.812610703,-0.812610703
HN4,F36,0.825174825,-0.825174825
HN4,F41,0.755244755,-0.755244755
HN4,F56,0.797202797,-0.797202797
HN4,F68,0.699300699,-0.699300699
HN4,F71,0.72027972,-0.72027972
HN4,F72,0.692307692,-0.692307692
HN4,F84,0.713286713,-0.713286713
HN4,F88,0.741258741,-0.741258741
HN4,F95,0.727272727,-0.727272727
HN4,F96,0.693521204,-0.693521204
HN4,F104,0.804195804,-0.804195804
HN4,F111,0.727272727,-0.727272727
HN4,F125,0.769230769,-0.769230769
HN4,F134,0.795794381,-0.795794381
HN4,F144,0.713286713,-0.713286713
HN4,F148,0.748251748,-0.748251748
HN4,F149,0.748251748,-0.748251748
HN4,F153,0.8231186,-0.8231186
HN4,F158,0.7253701,-0.7253701
HN4,F161,0.699300699,-0.699300699
HN4,F175,0.854642291,-0.854642291
HN4,F183,0.811188811,-0.811188811
HN4,F230,0.739001488,-0.739001488
HN4,F243,0.699300699,-0.699300699
HN4,F249,0.70336037,-0.70336037
HN4,F257,0.718327672,-0.718327672
HN4,F270,0.769230769,-0.769230769
HN4,F307,0.746497384,-0.746497384
HN4,F320,0.72027972,-0.72027972
HN4,F322,0.692307692,-0.692307692
HN4,F328,0.818181818,-0.818181818
HN4,F332,0.739055424,-0.739055424
HN4,F334,0.692307692,-0.692307692
HN4,F341,0.748251748,-0.748251748
HN4,F347,0.841131989,-0.841131989
HN4,F360,0.749563321,-0.749563321
HN4,F362,0.72027972,-0.72027972
HN4,F363,0.706293706,-0.706293706
HN4,F370,0.746497384,-0.746497384
HN4,F374,0.826629714,-0.826629714
HN4,F382,0.809879237,-0.809879237
HN4,F387,0.832167832,-0.832167832
HN4,F388,0.692307692,-0.692307692
HN4,F395,0.739454956,-0.739454956
HN4,F404,0.692307692,-0.692307692
HN4,F408,0.793719967,-0.793719967
HN4,F422,0.818181818,-0.818181818
HN5,F4,0.809915772,-0.809915772
HN5,F6,0.824845095,-0.824845095
HN5,F11,0.912285003,-0.912285003
HN5,F33,0.862168403,-0.862168403
HN5,F36,0.884562387,-0.884562387
HN5,F41,0.839774418,-0.839774418
HN5,F56,0.884562387,-0.884562387
HN5,F68,0.817380434,-0.817380434
HN5,F71,0.780057126,-0.780057126
HN5,F72,0.802451111,-0.802451111
HN5,F84,0.862168403,-0.862168403
HN5,F88,0.84723908,-0.84723908
HN5,F95,0.89949171,-0.89949171
HN5,F104,0.862168403,-0.862168403
HN5,F106,0.824845095,-0.824845095
HN5,F111,0.854703741,-0.854703741
HN5,F125,0.772592465,-0.772592465
HN5,F134,0.883296373,-0.883296373
HN5,F135,0.854703741,-0.854703741
HN5,F143,0.701678181,-0.701678181
HN5,F144,0.817380434,-0.817380434
HN5,F148,0.862168403,-0.862168403
HN5,F149,0.862168403,-0.862168403
HN5,F153,0.878635146,-0.878635146
HN5,F158,0.75925901,-0.75925901
HN5,F159,0.830674462,-0.830674462
HN5,F160,0.712875173,-0.712875173
HN5,F161,0.832309757,-0.832309757
HN5,F163,0.934718241,-0.934718241
HN5,F171,0.727804496,-0.727804496
HN5,F175,0.859940782,-0.859940782
HN5,F178,0.80759656,-0.80759656
HN5,F181,0.783789457,-0.783789457
HN5,F183,0.802451111,-0.802451111
HN5,F208,0.755252339,-0.755252339
HN5,F219,0.780057126,-0.780057126
HN5,F223,0.850971411,-0.850971411
HN5,F230,0.860557769,-0.860557769
HN5,F243,0.780057126,-0.780057126
HN5,F249,0.893993376,-0.893993376
HN5,F257,0.736706763,-0.736706763
HN5,F270,0.854703741,-0.854703741
HN5,F285,0.821112765,-0.821112765
HN5,F307,0.913366037,-0.913366037
HN5,F315,0.785569966,-0.785569966
HN5,F317,0.716607504,-0.716607504
HN5,F320,0.809915772,-0.809915772
HN5,F321,0.794986449,-0.794986449
HN5,F322,0.787521788,-0.787521788
HN5,F328,0.824845095,-0.824845095
HN5,F332,0.889851765,-0.889851765
HN5,F333,0.705410511,-0.705410511
HN5,F334,0.802451111,-0.802451111
HN5,F341,0.854703741,-0.854703741
HN5,F347,0.824331554,-0.824331554
HN5,F351,0.860744126,-0.860744126
HN5,F360,0.841246417,-0.841246417
HN5,F362,0.817380434,-0.817380434
HN5,F364,0.729189347,-0.729189347
HN5,F370,0.838191878,-0.838191878
HN5,F372,0.712875173,-0.712875173
HN5,F374,0.893993376,-0.893993376
HN5,F377,0.772592465,-0.772592465
HN5,F382,0.898331205,-0.898331205
HN5,F387,0.877097726,-0.877097726
HN5,F388,0.839774418,-0.839774418
HN5,F395,0.905848621,-0.905848621
HN5,F399,0.727804496,-0.727804496
HN5,F402,0.817380434,-0.817380434
HN5,F404,0.742733819,-0.742733819
HN5,F408,0.851053019,-0.851053019
HN5,F419,0.860744126,-0.860744126
HN5,F422,0.89949171,-0.89949171
HN5,F424,0.735269157,-0.735269157
HN5,F458,0.817380434,-0.817380434
HN5,F459,0.727804496,-0.727804496
HN6,F41,0.70829719,-0.70829719
HN6,F56,0.76880499,-0.76880499
HN6,F86,0.797279249,-0.797279249
HN6,F95,0.779482837,-0.779482837
HN6,F104,0.804397814,-0.804397814
HN6,F106,0.857787049,-0.857787049
HN6,F144,0.786601402,-0.786601402
HN6,F148,0.797279249,-0.797279249
HN6,F153,0.730931856,-0.730931856
HN6,F160,0.886261308,-0.886261308
HN6,F161,0.718975037,-0.718975037
HN6,F163,0.734497377,-0.734497377
HN6,F183,0.718975037,-0.718975037
HN6,F219,0.939650543,-0.939650543
HN6,F223,0.697619343,-0.697619343
HN6,F230,0.706677953,-0.706677953
HN6,F243,0.761686425,-0.761686425
HN6,F249,0.693845043,-0.693845043
HN6,F285,0.882702026,-0.882702026
HN6,F307,0.741978379,-0.741978379
HN6,F315,0.881771407,-0.881771407
HN6,F322,0.804397814,-0.804397814
HN6,F341,0.740330731,-0.740330731
HN6,F342,0.722534319,-0.722534319
HN6,F351,0.727640633,-0.727640633
HN6,F356,0.818634943,-0.818634943
HN6,F362,0.832872073,-0.832872073
HN6,F370,0.709718449,-0.709718449
HN6,F372,0.825753508,-0.825753508
HN6,F388,0.761686425,-0.761686425
HN6,F391,0.76880499,-0.76880499
HN6,F399,0.743890014,-0.743890014
HN6,F402,0.729652884,-0.729652884
HN6,F404,0.715415755,-0.715415755
HN6,F408,0.699275362,-0.699275362
HN6,F419,0.69896514,-0.69896514
HN6,F459,0.800838531,-0.800838531
HN7,F1,0.820814823,-0.820814823
HN7,F4,0.754118335,-0.754118335
HN7,F6,0.797625162,-0.797625162
HN7,F11,0.846238291,-0.846238291
HN7,F33,0.70336037,-0.70336037
HN7,F36,0.870136541,-0.870136541
HN7,F41,0.920894505,-0.920894505
HN7,F52,0.797625162,-0.797625162
HN7,F56,0.826629714,-0.826629714
HN7,F68,0.783122887,-0.783122887
HN7,F71,0.783122887,-0.783122887
HN7,F72,0.754118335,-0.754118335
HN7,F84,0.746867197,-0.746867197
HN7,F88,0.848383127,-0.848383127
HN7,F95,0.90639223,-0.90639223
HN7,F96,0.846238291,-0.846238291
HN7,F104,0.790374024,-0.790374024
HN7,F106,0.848383127,-0.848383127
HN7,F111,0.797625162,-0.797625162
HN7,F112,0.788657393,-0.788657393
HN7,F125,0.790374024,-0.790374024
HN7,F134,0.868983609,-0.868983609
HN7,F135,0.775871749,-0.775871749
HN7,F144,0.70336037,-0.70336037
HN7,F148,0.783122887,-0.783122887
HN7,F149,0.848383127,-0.848383127
HN7,F153,0.907980999,-0.907980999
HN7,F159,0.730238327,-0.730238327
HN7,F160,0.768620611,-0.768620611
HN7,F161,0.783122887,-0.783122887
HN7,F163,0.868029835,-0.868029835
HN7,F175,0.817182899,-0.817182899
HN7,F178,0.773599811,-0.773599811
HN7,F181,0.790374024,-0.790374024
HN7,F183,0.891889954,-0.891889954
HN7,F208,0.744544419,-0.744544419
HN7,F219,0.761369473,-0.761369473
HN7,F223,0.710611508,-0.710611508
HN7,F230,0.870772769,-0.870772769
HN7,F243,0.761369473,-0.761369473
HN7,F249,0.857142857,-0.857142857
HN7,F257,0.876285992,-0.876285992
HN7,F270,0.739616059,-0.739616059
HN7,F285,0.746867197,-0.746867197
HN7,F307,0.861681225,-0.861681225
HN7,F315,0.847076459,-0.847076459
HN7,F320,0.8048763,-0.8048763
HN7,F321,0.855634265,-0.855634265
HN7,F322,0.696109232,-0.696109232
HN7,F328,0.775871749,-0.775871749
HN7,F332,0.933404467,-0.933404467
HN7,F334,0.819378576,-0.819378576
HN7,F341,0.797625162,-0.797625162
HN7,F347,0.834586466,-0.834586466
HN7,F351,0.898193142,-0.898193142
HN7,F360,0.737280571,-0.737280571
HN7,F362,0.826629714,-0.826629714
HN7,F370,0.890890758,-0.890890758
HN7,F372,0.826629714,-0.826629714
HN7,F373,0.739616059,-0.739616059
HN7,F374,0.857142857,-0.857142857
HN7,F376,0.70336037,-0.70336037
HN7,F377,0.8048763,-0.8048763
HN7,F382,0.832471692,-0.832471692
HN7,F387,0.90639223,-0.90639223
HN7,F388,0.761369473,-0.761369473
HN7,F395,0.774052626,-0.774052626
HN7,F399,0.8048763,-0.8048763
HN7,F402,0.8048763,-0.8048763
HN7,F404,0.884638816,-0.884638816
HN7,F408,0.826708987,-0.826708987
HN7,F419,0.825169309,-0.825169309
HN7,F422,0.928145643,-0.928145643
HN7,F424,0.746867197,-0.746867197
HN7,F458,0.710611508,-0.710611508
HN7,F459,0.8048763,-0.8048763
HN8,F71,0.79020979,-0.79020979
HN8,F96,0.704029101,-0.704029101
HN8,F125,0.748251748,-0.748251748
HN8,F158,0.788751953,-0.788751953
HN8,F175,0.739055424,-0.739055424
HN8,F243,0.706293706,-0.706293706
HN8,F270,0.734265734,-0.734265734
HN8,F347,0.710611508,-0.710611508
HN8,F374,0.710611508,-0.710611508
HN8,F399,0.699300699,-0.699300699
HN9,F2,0.740751109,-0.740751109
HN9,F41,0.795794381,-0.795794381
HN9,F56,0.816921666,-0.816921666
HN9,F68,0.704242815,-0.704242815
HN9,F72,0.767624669,-0.767624669
HN9,F84,0.753539812,-0.753539812
HN9,F95,0.732412528,-0.732412528
HN9,F96,0.723114178,-0.723114178
HN9,F111,0.697200387,-0.697200387
HN9,F125,0.732412528,-0.732412528
HN9,F148,0.732412528,-0.732412528
HN9,F153,0.754860654,-0.754860654
HN9,F158,0.75177305,-0.75177305
HN9,F163,0.701949861,-0.701949861
HN9,F257,0.773049645,-0.773049645
HN9,F270,0.767624669,-0.767624669
HN9,F307,0.709219858,-0.709219858
HN9,F321,0.697200387,-0.697200387
HN9,F322,0.795794381,-0.795794381
HN9,F332,0.709004633,-0.709004633
HN9,F342,0.767624669,-0.767624669
HN9,F347,0.781355009,-0.781355009
HN9,F360,0.807771448,-0.807771448
HN9,F362,0.802836809,-0.802836809
HN9,F372,0.809879237,-0.809879237
HN9,F376,0.795794381,-0.795794381
HN9,F396,0.753539812,-0.753539812
HN9,F399,0.901430803,-0.901430803
HN9,F402,0.76058224,-0.76058224
HN9,F404,0.704242815,-0.704242815
HN9,F408,0.774238309,-0.774238309
HN12,F86,0.839990637,-0.839990637
HN12,F104,0.697619343,-0.697619343
HN12,F219,0.704737908,-0.704737908
HN12,F342,0.704737908,-0.704737908
P1,HN1,0.762237762,-0.762237762
P1,HN2,0.797202797,-0.797202797
P1,HN4,0.706293706,-0.706293706
P1,HN5,0.780057126,-0.780057126
P1,HN7,0.812127438,-0.812127438
P1,HN8,0.664335664,-0.664335664
P2,HN1,0.756568586,-0.756568586
P2,HN2,0.676008042,-0.676008042
P2,HN4,0.928197571,-0.928197571
P2,HN5,0.893590638,-0.893590638
P2,HN7,0.900717151,-0.900717151
P4,HN1,0.854703741,-0.854703741
P4,HN2,0.824845095,-0.824845095
P4,HN4,0.79871878,-0.79871878
P4,HN5,0.860557769,-0.860557769
P4,HN6,0.680082546,-0.680082546
P4,HN7,0.893993376,-0.893993376
P4,HN8,0.690481188,-0.690481188
P7,HN1,0.872155453,-0.872155453
P7,HN2,0.735552792,-0.735552792
P7,HN4,0.735552792,-0.735552792
P7,HN5,0.766468957,-0.766468957
P7,HN6,0.816504366,-0.816504366
P7,HN7,0.780863659,-0.780863659
P7,HN9,0.772497585,-0.772497585
P7,HN12,0.705973207,-0.705973207
P8,HN1,0.811188811,-0.811188811
P8,HN2,0.713286713,-0.713286713
P8,HN4,0.748251748,-0.748251748
P8,HN5,0.839774418,-0.839774418
P8,HN7,0.833880851,-0.833880851
P8,HN9,0.739454956,-0.739454956
P8,HN10,0.679822931,-0.679822931
P11,HN1,0.720339834,-0.720339834
P11,HN2,0.690481188,-0.690481188
P11,HN5,0.860557769,-0.860557769
P11,HN6,0.778865486,-0.778865486
P11,HN7,0.870772769,-0.870772769
P11,HN9,0.763017718,-0.763017718
P13,HN1,0.906956372,-0.906956372
P13,HN2,0.906956372,-0.906956372
P13,HN4,0.828577426,-0.828577426
P13,HN5,0.860557769,-0.860557769
P13,HN6,0.740872048,-0.740872048
P13,HN7,0.824331554,-0.824331554
P13,HN8,0.69794585,-0.69794585
P13,HN12,0.685781562,-0.685781562
P16,HN1,0.783122887,-0.783122887
P16,HN2,0.739616059,-0.739616059
P16,HN4,0.891889954,-0.891889954
P16,HN5,0.870772769,-0.870772769
P16,HN7,0.834586466,-0.834586466
P16,HN9,0.686424027,-0.686424027
P20,HN1,0.683115531,-0.683115531
P20,HN2,0.873261091,-0.873261091
P20,HN4,0.788751953,-0.788751953
P20,HN5,0.860744126,-0.860744126
P20,HN7,0.730238327,-0.730238327
P20,HN8,0.732412528,-0.732412528
P23,HN1,0.742733819,-0.742733819
P23,HN2,0.757663142,-0.757663142
P23,HN4,0.679284196,-0.679284196
P23,HN5,0.860557769,-0.860557769
P23,HN6,0.81305958,-0.81305958
P23,HN7,0.801110947,-0.801110947
P23,HN9,0.830674462,-0.830674462
P25,HN2,0.667104681,-0.667104681
P25,HN4,0.942647919,-0.942647919
P25,HN5,0.754669733,-0.754669733
P25,HN8,0.739616059,-0.739616059
P27,HN1,0.867132867,-0.867132867
P27,HN2,0.734265734,-0.734265734
P27,HN5,0.727804496,-0.727804496
P27,HN6,0.832872073,-0.832872073
P27,HN7,0.826629714,-0.826629714
P27,HN12,0.70829719,-0.70829719
P28,HN1,0.819378576,-0.819378576
P28,HN2,0.790374024,-0.790374024
P28,HN4,0.841131989,-0.841131989
P28,HN5,0.870772769,-0.870772769
P28,HN6,0.668010387,-0.668010387
P28,HN7,0.812030075,-0.812030075
P29,HN5,0.817380434,-0.817380434
P30,HN1,0.839160839,-0.839160839
P30,HN2,0.734265734,-0.734265734
P30,HN4,0.699300699,-0.699300699
P30,HN5,0.765127803,-0.765127803
P30,HN6,0.729652884,-0.729652884
P30,HN7,0.870136541,-0.870136541
P31,HN1,0.748251748,-0.748251748
P31,HN2,0.692307692,-0.692307692
P31,HN4,0.762237762,-0.762237762
P31,HN5,0.906956372,-0.906956372
P31,HN6,0.758127143,-0.758127143
P31,HN7,0.877387678,-0.877387678
P35,HN1,0.888111888,-0.888111888
P35,HN2,0.804195804,-0.804195804
P35,HN5,0.742733819,-0.742733819
P35,HN6,0.779482837,-0.779482837
P35,HN7,0.783122887,-0.783122887
P35,HN9,0.732412528,-0.732412528
P36,HN1,0.685314685,-0.685314685
P36,HN4,0.853146853,-0.853146853
P36,HN5,0.862168403,-0.862168403
P36,HN7,0.833880851,-0.833880851
P36,HN8,0.664335664,-0.664335664
P38,HN1,0.797202797,-0.797202797
P38,HN2,0.685314685,-0.685314685
P38,HN4,0.769230769,-0.769230769
P38,HN5,0.862168403,-0.862168403
P38,HN6,0.697619343,-0.697619343
P38,HN7,0.855634265,-0.855634265
P42,HN2,0.706293706,-0.706293706
P42,HN4,0.699300699,-0.699300699
P42,HN5,0.817380434,-0.817380434
P42,HN6,0.76880499,-0.76880499
P42,HN7,0.783122887,-0.783122887
P42,HN9,0.781709525,-0.781709525
P44,HN1,0.867132867,-0.867132867
P44,HN2,0.727272727,-0.727272727
P44,HN5,0.787521788,-0.787521788
P44,HN6,0.822194226,-0.822194226
P44,HN7,0.826629714,-0.826629714
P44,HN9,0.697200387,-0.697200387
P45,HN1,0.809915772,-0.809915772
P45,HN2,0.824845095,-0.824845095
P45,HN4,0.761395473,-0.761395473
P45,HN5,0.860557769,-0.860557769
P45,HN6,0.744671391,-0.744671391
P45,HN7,0.77789034,-0.77789034
P45,HN9,0.695360975,-0.695360975
P46,HN1,0.772364272,-0.772364272
P46,HN2,0.683382213,-0.683382213
P46,HN4,0.847109202,-0.847109202
P46,HN5,0.908043176,-0.908043176
P46,HN7,0.90052229,-0.90052229
P48,HN5,0.731536827,-0.731536827
P49,HN1,0.807957096,-0.807957096
P49,HN2,0.729652884,-0.729652884
P49,HN4,0.669145084,-0.669145084
P49,HN5,0.839654987,-0.839654987
P49,HN6,0.836956522,-0.836956522
P49,HN7,0.771349011,-0.771349011
P50,HN1,0.727272727,-0.727272727
P50,HN7,0.8048763,-0.8048763
P55,HN4,0.678321678,-0.678321678
P56,HN6,0.695276643,-0.695276643
P57,HN1,0.742558056,-0.742558056
P57,HN6,0.673883516,-0.673883516
P63,HN1,0.797202797,-0.797202797
P63,HN2,0.846153846,-0.846153846
P63,HN4,0.678321678,-0.678321678
P63,HN5,0.780057126,-0.780057126
P63,HN6,0.676263649,-0.676263649
P63,HN7,0.710611508,-0.710611508
P64,HN1,0.706293706,-0.706293706
P64,HN2,0.839160839,-0.839160839
P64,HN4,0.748251748,-0.748251748
P64,HN5,0.794986449,-0.794986449
P64,HN7,0.746867197,-0.746867197
P64,HN8,0.706293706,-0.706293706
P64,HN9,0.711285243,-0.711285243
P68,HN5,0.690481188,-0.690481188
P68,HN7,0.725113784,-0.725113784
P69,HN6,0.705973207,-0.705973207
P69,HN7,0.748176343,-0.748176343
P71,HN1,0.772592465,-0.772592465
P71,HN2,0.772592465,-0.772592465
P71,HN4,0.664354873,-0.664354873
P71,HN5,0.860557769,-0.860557769
P71,HN6,0.847253675,-0.847253675
P71,HN7,0.847552161,-0.847552161
P71,HN9,0.747982886,-0.747982886
P72,HN1,0.760071218,-0.760071218
P72,HN2,0.661997513,-0.661997513
P72,HN5,0.904807257,-0.904807257
P72,HN7,0.897085227,-0.897085227
P74,HN2,0.706293706,-0.706293706
P78,HN6,0.786601402,-0.786601402
P80,HN1,0.772592465,-0.772592465
P80,HN2,0.772592465,-0.772592465
P80,HN4,0.739001488,-0.739001488
P80,HN5,0.860557769,-0.860557769
P80,HN6,0.710477297,-0.710477297
P80,HN7,0.847552161,-0.847552161
P81,HN1,0.793719967,-0.793719967
P81,HN2,0.82931279,-0.82931279
P81,HN4,0.818634943,-0.818634943
P81,HN5,0.839654987,-0.839654987
P81,HN6,0.77173913,-0.77173913
P81,HN7,0.727061029,-0.727061029
P82,HN1,0.804195804,-0.804195804
P82,HN2,0.902097902,-0.902097902
P82,HN4,0.755244755,-0.755244755
P82,HN5,0.787521788,-0.787521788
P82,HN7,0.746867197,-0.746867197
P82,HN8,0.734265734,-0.734265734
P82,HN9,0.809879237,-0.809879237
P84,HN1,0.869633064,-0.869633064
P84,HN2,0.89949171,-0.89949171
P84,HN4,0.873365395,-0.873365395
P84,HN5,0.860557769,-0.860557769
P84,HN6,0.672483859,-0.672483859
P84,HN7,0.77789034,-0.77789034
P84,HN8,0.675551865,-0.675551865
P84,HN9,0.702878391,-0.702878391
P87,HN2,0.699300699,-0.699300699
P87,HN4,0.706293706,-0.706293706
P90,HN1,0.811188811,-0.811188811
P90,HN2,0.685314685,-0.685314685
P90,HN4,0.734265734,-0.734265734
P90,HN5,0.757663142,-0.757663142
P90,HN6,0.839990637,-0.839990637
P90,HN7,0.833880851,-0.833880851
P90,HN9,0.683115531,-0.683115531
P90,HN12,0.70829719,-0.70829719
P91,HN1,0.706293706,-0.706293706
P91,HN2,0.776223776,-0.776223776
P91,HN4,0.783216783,-0.783216783
P91,HN8,0.846153846,-0.846153846
P94,HN1,0.854227767,-0.854227767
P94,HN2,0.743890014,-0.743890014
P94,HN4,0.743890014,-0.743890014
P94,HN5,0.835855643,-0.835855643
P94,HN6,0.786231884,-0.786231884
P94,HN7,0.856234308,-0.856234308
P94,HN9,0.802913801,-0.802913801
P96,HN1,0.817380434,-0.817380434
P96,HN2,0.772592465,-0.772592465
P96,HN4,0.739001488,-0.739001488
P96,HN5,0.860557769,-0.860557769
P96,HN6,0.691480578,-0.691480578
P96,HN7,0.893993376,-0.893993376
P99,HN1,0.767076483,-0.767076483
P99,HN2,0.676008042,-0.676008042
P99,HN4,0.858144924,-0.858144924
P99,HN5,0.882374019,-0.882374019
P99,HN7,0.962459859,-0.962459859
P99,HN9,0.737223723,-0.737223723
P102,HN1,0.735552792,-0.735552792
P102,HN2,0.669002777,-0.669002777
P102,HN4,0.665500145,-0.665500145
P102,HN5,0.833768671,-0.833768671
P102,HN7,0.882557531,-0.882557531
P102,HN9,0.663148612,-0.663148612
P106,HN1,0.780057126,-0.780057126
P106,HN2,0.809915772,-0.809915772
P106,HN4,0.850971411,-0.850971411
P106,HN5,0.860557769,-0.860557769
P106,HN7,0.824331554,-0.824331554
P106,HN8,0.675551865,-0.675551865
P106,HN9,0.717913223,-0.717913223
P107,HN1,0.902097902,-0.902097902
P107,HN2,0.664335664,-0.664335664
P107,HN4,0.755244755,-0.755244755
P107,HN5,0.690481188,-0.690481188
P107,HN7,0.754118335,-0.754118335
P107,HN9,0.704242815,-0.704242815
P109,HN1,0.804195804,-0.804195804
P109,HN2,0.727272727,-0.727272727
P109,HN4,0.671328671,-0.671328671
P109,HN5,0.824845095,-0.824845095
P109,HN6,0.790160684,-0.790160684
P109,HN7,0.761369473,-0.761369473
P110,HN1,0.804195804,-0.804195804
P110,HN2,0.692307692,-0.692307692
P110,HN5,0.802451111,-0.802451111
P110,HN6,0.854227767,-0.854227767
P110,HN7,0.797625162,-0.797625162
P110,HN12,0.683382213,-0.683382213
P119,HN1,0.811188811,-0.811188811
P119,HN2,0.79020979,-0.79020979
P119,HN4,0.874125874,-0.874125874
P119,HN5,0.817380434,-0.817380434
P119,HN6,0.804397814,-0.804397814
P119,HN7,0.775871749,-0.775871749
P119,HN8,0.685314685,-0.685314685
P119,HN9,0.690157959,-0.690157959
P119,HN12,0.815075661,-0.815075661
P120,HN1,0.804195804,-0.804195804
P120,HN2,0.664335664,-0.664335664
P120,HN4,0.839160839,-0.839160839
P120,HN5,0.802451111,-0.802451111
P120,HN6,0.679822931,-0.679822931
P120,HN7,0.870136541,-0.870136541
P120,HN8,0.685314685,-0.685314685
P125,HN1,0.720339834,-0.720339834
P125,HN2,0.780057126,-0.780057126
P125,HN4,0.806183442,-0.806183442
P125,HN5,0.860557769,-0.860557769
P125,HN6,0.672483859,-0.672483859
P125,HN7,0.870772769,-0.870772769
P125,HN8,0.75019848,-0.75019848
P125,HN9,0.77805255,-0.77805255
P126,HN1,0.748251748,-0.748251748
P126,HN2,0.72027972,-0.72027972
P126,HN4,0.755244755,-0.755244755
P126,HN5,0.869633064,-0.869633064
P126,HN7,0.877387678,-0.877387678
P128,HN1,0.674355819,-0.674355819
P128,HN4,0.710611508,-0.710611508
P128,HN5,0.870772769,-0.870772769
P128,HN6,0.693845043,-0.693845043
P128,HN7,0.879699248,-0.879699248
P128,HN9,0.766750243,-0.766750243
P131,HN1,0.839160839,-0.839160839
P131,HN4,0.713286713,-0.713286713
P131,HN5,0.787521788,-0.787521788
P131,HN6,0.790160684,-0.790160684
P131,HN7,0.920894505,-0.920894505
P131,HN9,0.809879237,-0.809879237
P131,HN12,0.701178625,-0.701178625
P132,HN1,0.877097726,-0.877097726
P132,HN2,0.84723908,-0.84723908
P132,HN4,0.776324796,-0.776324796
P132,HN5,0.860557769,-0.860557769
P132,HN6,0.748470735,-0.748470735
P132,HN7,0.870772769,-0.870772769
P132,HN9,0.702878391,-0.702878391
P132,HN12,0.685781562,-0.685781562
P135,HN1,0.832167832,-0.832167832
P135,HN2,0.804195804,-0.804195804
P135,HN5,0.765127803,-0.765127803
P135,HN7,0.732364922,-0.732364922
P135,HN9,0.669030674,-0.669030674
P136,HN1,0.832167832,-0.832167832
P136,HN2,0.762237762,-0.762237762
P136,HN4,0.671328671,-0.671328671
P136,HN5,0.787521788,-0.787521788
P136,HN6,0.839990637,-0.839990637
P136,HN7,0.761369473,-0.761369473
P136,HN9,0.732412528,-0.732412528
P137,HN7,0.819378576,-0.819378576
P137,HN10,0.775923555,-0.775923555
P141,HN1,0.775871749,-0.775871749
P141,HN2,0.790374024,-0.790374024
P141,HN5,0.847552161,-0.847552161
P141,HN6,0.738133024,-0.738133024
P141,HN7,0.766917293,-0.766917293
P141,HN9,0.701028794,-0.701028794
P144,HN1,0.688858095,-0.688858095
P144,HN2,0.746867197,-0.746867197
P144,HN5,0.847552161,-0.847552161
P144,HN7,0.857142857,-0.857142857
P144,HN9,0.679121644,-0.679121644
P145,HN1,0.713286713,-0.713286713
P145,HN2,0.734265734,-0.734265734
P145,HN4,0.867132867,-0.867132867
P145,HN5,0.892027049,-0.892027049
P145,HN6,0.711856472,-0.711856472
P145,HN7,0.812127438,-0.812127438
P145,HN9,0.683115531,-0.683115531
P145,HN12,0.679822931,-0.679822931
P148,HN1,0.859176235,-0.859176235
P148,HN2,0.823964094,-0.823964094
P148,HN4,0.767624669,-0.767624669
P148,HN5,0.860744126,-0.860744126
P148,HN6,0.709718449,-0.709718449
P148,HN7,0.832471692,-0.832471692
P152,HN1,0.797202797,-0.797202797
P152,HN2,0.748251748,-0.748251748
P152,HN4,0.895104895,-0.895104895
P152,HN5,0.757663142,-0.757663142
P152,HN7,0.819378576,-0.819378576
P152,HN8,0.825174825,-0.825174825
P152,HN9,0.746497384,-0.746497384
P152,HN12,0.733212166,-0.733212166
P157,HN1,0.748251748,-0.748251748
P157,HN5,0.720339834,-0.720339834
P157,HN6,0.765245708,-0.765245708
P157,HN7,0.746867197,-0.746867197
P158,HN1,0.776223776,-0.776223776
P158,HN2,0.664335664,-0.664335664
P158,HN4,0.678321678,-0.678321678
P158,HN5,0.877097726,-0.877097726
P158,HN6,0.715415755,-0.715415755
P158,HN7,0.920894505,-0.920894505
P166,HN1,0.671328671,-0.671328671
P166,HN6,0.825753508,-0.825753508
P166,HN12,0.726093602,-0.726093602
P167,HN1,0.692307692,-0.692307692
P167,HN2,0.846153846,-0.846153846
P167,HN4,0.734265734,-0.734265734
P167,HN5,0.817380434,-0.817380434
P167,HN6,0.736771449,-0.736771449
P170,HN1,0.79020979,-0.79020979
P170,HN2,0.692307692,-0.692307692
P170,HN5,0.862168403,-0.862168403
P170,HN6,0.747449296,-0.747449296
P170,HN7,0.855634265,-0.855634265
P171,HN1,0.839160839,-0.839160839
P171,HN4,0.671328671,-0.671328671
P171,HN5,0.802451111,-0.802451111
P171,HN6,0.800838531,-0.800838531
P171,HN7,0.913643368,-0.913643368
P171,HN9,0.753539812,-0.753539812
P173,HN1,0.84723908,-0.84723908
P173,HN2,0.787521788,-0.787521788
P173,HN4,0.761395473,-0.761395473
P173,HN5,0.860557769,-0.860557769
P173,HN6,0.664885171,-0.664885171
P173,HN7,0.893993376,-0.893993376
P176,HN1,0.739616059,-0.739616059
P176,HN2,0.761369473,-0.761369473
P176,HN4,0.70336037,-0.70336037
P176,HN5,0.77789034,-0.77789034
P176,HN6,0.815636992,-0.815636992
P176,HN7,0.789473684,-0.789473684
P176,HN8,0.710611508,-0.710611508
P176,HN12,0.715989034,-0.715989034
P177,HN1,0.781709525,-0.781709525
P177,HN2,0.739454956,-0.739454956
P177,HN4,0.83804895,-0.83804895
P177,HN5,0.763017718,-0.763017718
P177,HN6,0.720471759,-0.720471759
P177,HN7,0.781355009,-0.781355009
P177,HN8,0.739454956,-0.739454956
P177,HN9,0.709219858,-0.709219858
P177,HN12,0.734809506,-0.734809506
P181,HN1,0.72027972,-0.72027972
P181,HN2,0.741258741,-0.741258741
P181,HN4,0.846153846,-0.846153846
P181,HN5,0.809915772,-0.809915772
P181,HN7,0.775871749,-0.775871749
P181,HN8,0.741258741,-0.741258741
P192,HN1,0.892027049,-0.892027049
P192,HN2,0.921885695,-0.921885695
P192,HN4,0.888294718,-0.888294718
P192,HN5,0.860557769,-0.860557769
P192,HN6,0.680082546,-0.680082546
P192,HN7,0.801110947,-0.801110947
P192,HN8,0.727804496,-0.727804496
P192,HN9,0.680326143,-0.680326143
P192,HN12,0.689580906,-0.689580906
P193,HN1,0.887345947,-0.887345947
P193,HN2,0.795794381,-0.795794381
P193,HN4,0.7253701,-0.7253701
P193,HN5,0.732948055,-0.732948055
P193,HN6,0.709718449,-0.709718449
P193,HN7,0.847076459,-0.847076459
P193,HN12,0.752731689,-0.752731689
P199,HN1,0.690481188,-0.690481188
P199,HN2,0.765127803,-0.765127803
P199,HN4,0.74646615,-0.74646615
P199,HN5,0.860557769,-0.860557769
P199,HN6,0.744671391,-0.744671391
P199,HN7,0.824331554,-0.824331554
P199,HN8,0.690481188,-0.690481188
P199,HN9,0.770535134,-0.770535134
P202,HN1,0.762237762,-0.762237762
P202,HN2,0.818181818,-0.818181818
P202,HN5,0.705410511,-0.705410511
P202,HN6,0.672704366,-0.672704366
P202,HN7,0.732364922,-0.732364922
P202,HN8,0.748251748,-0.748251748
P202,HN9,0.690157959,-0.690157959
P202,HN12,0.701178625,-0.701178625
P203,HN4,0.762237762,-0.762237762
P203,HN5,0.739001488,-0.739001488
P203,HN7,0.819378576,-0.819378576
P207,HN1,0.762237762,-0.762237762
P207,HN2,0.79020979,-0.79020979
P207,HN4,0.72027972,-0.72027972
P207,HN5,0.772592465,-0.772592465
P207,HN6,0.686941496,-0.686941496
P207,HN7,0.746867197,-0.746867197
P207,HN8,0.671328671,-0.671328671
P210,HN1,0.731536827,-0.731536827
P210,HN2,0.880830057,-0.880830057
P210,HN4,0.772592465,-0.772592465
P210,HN5,0.707171315,-0.707171315
P210,HN8,0.664354873,-0.664354873
P211,HN1,0.734265734,-0.734265734
P211,HN2,0.804195804,-0.804195804
P211,HN4,0.713286713,-0.713286713
P211,HN5,0.892027049,-0.892027049
P211,HN6,0.765245708,-0.765245708
P211,HN7,0.790374024,-0.790374024
P211,HN9,0.76058224,-0.76058224
P214,HN10,0.679822931,-0.679822931
P216,HN1,0.746497384,-0.746497384
P216,HN2,0.795794381,-0.795794381
P216,HN5,0.860744126,-0.860744126
P216,HN6,0.734809506,-0.734809506
P216,HN7,0.781355009,-0.781355009
P217,HN4,0.669002777,-0.669002777
P217,HN5,0.676736006,-0.676736006
P217,HN7,0.795391355,-0.795391355
P218,HN1,0.690018571,-0.690018571
P218,HN2,0.665500145,-0.665500145
P218,HN4,0.868652821,-0.868652821
P218,HN5,0.897329511,-0.897329511
P218,HN7,0.875293683,-0.875293683
P220,HN2,0.664335664,-0.664335664
P220,HN4,0.72027972,-0.72027972
P220,HN5,0.862168403,-0.862168403
P220,HN6,0.715415755,-0.715415755
P220,HN7,0.775871749,-0.775871749
P220,HN9,0.788751953,-0.788751953
P221,HN1,0.884562387,-0.884562387
P221,HN2,0.884562387,-0.884562387
P221,HN4,0.813648103,-0.813648103
P221,HN5,0.860557769,-0.860557769
P221,HN6,0.725674672,-0.725674672
P221,HN7,0.801110947,-0.801110947
P224,HN5,0.672997133,-0.672997133
P225,HN1,0.804195804,-0.804195804
P225,HN2,0.832167832,-0.832167832
P225,HN4,0.818181818,-0.818181818
P225,HN5,0.832309757,-0.832309757
P225,HN6,0.84354992,-0.84354992
P225,HN7,0.761369473,-0.761369473
P225,HN9,0.690157959,-0.690157959
P225,HN12,0.76880499,-0.76880499
P227,HN1,0.734265734,-0.734265734
P227,HN2,0.678321678,-0.678321678
P227,HN4,0.755244755,-0.755244755
P227,HN5,0.817380434,-0.817380434
P227,HN6,0.797279249,-0.797279249
P227,HN7,0.775871749,-0.775871749
P231,HN1,0.664335664,-0.664335664
P231,HN4,0.678321678,-0.678321678
P231,HN5,0.869633064,-0.869633064
P231,HN6,0.679822931,-0.679822931
P231,HN7,0.8048763,-0.8048763
P233,HN1,0.819378576,-0.819378576
P233,HN2,0.746867197,-0.746867197
P233,HN4,0.775871749,-0.775871749
P233,HN5,0.870772769,-0.870772769
P233,HN6,0.715989034,-0.715989034
P233,HN7,0.879699248,-0.879699248
P233,HN9,0.701028794,-0.701028794
P234,HN1,0.683115531,-0.683115531
P234,HN2,0.76058224,-0.76058224
P234,HN5,0.845709294,-0.845709294
P234,HN6,0.706134013,-0.706134013
P234,HN7,0.817866926,-0.817866926
P240,HN2,0.662026519,-0.662026519
P243,HN2,0.699300699,-0.699300699
P243,HN5,0.869633064,-0.869633064
P243,HN7,0.768620611,-0.768620611
P244,HN4,0.699300699,-0.699300699
P244,HN5,0.850971411,-0.850971411
P244,HN7,0.870136541,-0.870136541
P244,HN9,0.669030674,-0.669030674
P246,HN1,0.683016527,-0.683016527
P246,HN2,0.683016527,-0.683016527
P246,HN4,0.884562387,-0.884562387
P246,HN5,0.735059761,-0.735059761
P246,HN7,0.735319227,-0.735319227
P246,HN8,0.753930811,-0.753930811
P249,HN1,0.7253701,-0.7253701
P249,HN2,0.746497384,-0.746497384
P249,HN4,0.704242815,-0.704242815
P249,HN5,0.838191878,-0.838191878
P249,HN6,0.756316125,-0.756316125
P249,HN7,0.817866926,-0.817866926
P249,HN12,0.663120773,-0.663120773
P256,HN1,0.833880851,-0.833880851
P256,HN2,0.797625162,-0.797625162
P256,HN4,0.70336037,-0.70336037
P256,HN5,0.77789034,-0.77789034
P256,HN6,0.815636992,-0.815636992
P256,HN7,0.766917293,-0.766917293
P256,HN12,0.679082382,-0.679082382
P260,HN8,0.726093602,-0.726093602
P265,HN1,0.839774418,-0.839774418
P265,HN2,0.839774418,-0.839774418
P265,HN4,0.858436072,-0.858436072
P265,HN5,0.860557769,-0.860557769
P265,HN7,0.847552161,-0.847552161
P265,HN8,0.69794585,-0.69794585
P270,HN1,0.869633064,-0.869633064
P270,HN2,0.765127803,-0.765127803
P270,HN4,0.709142842,-0.709142842
P270,HN5,0.860557769,-0.860557769
P270,HN6,0.691480578,-0.691480578
P270,HN7,0.870772769,-0.870772769
P275,HN1,0.862168403,-0.862168403
P275,HN2,0.862168403,-0.862168403
P275,HN4,0.873365395,-0.873365395
P275,HN5,0.860557769,-0.860557769
P275,HN7,0.847552161,-0.847552161
P275,HN8,0.712875173,-0.712875173
BF1,HN1,0.739055424,-0.739055424
BF1,HN2,0.847637027,-0.847637027
BF1,HN4,0.732050159,-0.732050159
BF1,HN5,0.74403572,-0.74403572
BF1,HN7,0.700961331,-0.700961331
BF1,HN8,0.77758438,-0.77758438
BF2,HN1,0.804195804,-0.804195804
BF2,HN2,0.713286713,-0.713286713
BF2,HN5,0.772592465,-0.772592465
BF2,HN6,0.740330731,-0.740330731
BF2,HN7,0.891889954,-0.891889954
BF3,HN1,0.755244755,-0.755244755
BF3,HN2,0.727272727,-0.727272727
BF3,HN4,0.811188811,-0.811188811
BF3,HN5,0.921885695,-0.921885695
BF3,HN6,0.704737908,-0.704737908
BF3,HN7,0.826629714,-0.826629714
BF3,HN9,0.739454956,-0.739454956
BF4,HN1,0.840631762,-0.840631762
BF4,HN2,0.858144924,-0.858144924
BF4,HN5,0.702908117,-0.702908117
BF4,HN6,0.923470003,-0.923470003
BF4,HN7,0.708225179,-0.708225179
BF4,HN9,0.783079744,-0.783079744
BF4,HN12,0.820069887,-0.820069887
BF5,HN1,0.86013986,-0.86013986
BF5,HN4,0.727272727,-0.727272727
BF5,HN5,0.877097726,-0.877097726
BF5,HN7,0.942647919,-0.942647919
BF6,HN1,0.725113784,-0.725113784
BF6,HN2,0.797625162,-0.797625162
BF6,HN4,0.70336037,-0.70336037
BF6,HN5,0.847552161,-0.847552161
BF6,HN7,0.857142857,-0.857142857
BF7,HN4,0.748251748,-0.748251748
BF8,HN7,0.71563356,-0.71563356
BF8,HN10,0.702549576,-0.702549576
BF9,HN1,0.721542262,-0.721542262
BF9,HN2,0.8231186,-0.8231186
BF9,HN6,0.730931856,-0.730931856
BF9,HN9,0.712532019,-0.712532019
BF9,HN12,0.766587068,-0.766587068
BF10,HN1,0.809915772,-0.809915772
BF10,HN2,0.869633064,-0.869633064
BF10,HN4,0.791254119,-0.791254119
BF10,HN5,0.860557769,-0.860557769
BF10,HN6,0.794062861,-0.794062861
BF10,HN7,0.824331554,-0.824331554
BF10,HN8,0.75019848,-0.75019848
BF10,HN9,0.717913223,-0.717913223
BF10,HN12,0.704778281,-0.704778281
BF11,HN5,0.723708923,-0.723708923
FF1,HN1,0.706293706,-0.706293706
FF1,HN2,0.783216783,-0.783216783
FF1,HN5,0.716607504,-0.716607504
FF4,HN6,0.739130435,-0.739130435
FF4,HN9,0.702549576,-0.702549576
FF5,HN1,0.790374024,-0.790374024
FF5,HN2,0.710611508,-0.710611508
FF5,HN5,0.77789034,-0.77789034
FF5,HN6,0.863615639,-0.863615639
FF5,HN7,0.834586466,-0.834586466
FF5,HN9,0.71563356,-0.71563356
FF5,HN12,0.712298369,-0.712298369
FF6,HN5,0.749155076,-0.749155076
FF6,HN7,0.849013427,-0.849013427
OP2,HN1,0.804195804,-0.804195804
OP2,HN6,0.82931279,-0.82931279
OP3,HN7,0.783122887,-0.783122887
OP3,HN10,0.715415755,-0.715415755
OP6,HN1,0.769230769,-0.769230769
OP6,HN7,0.768620611,-0.768620611
OP6,HN9,0.711285243,-0.711285243
OP7,HN1,0.704737908,-0.704737908
OP7,HN2,0.747449296,-0.747449296
OP8,HN1,0.854703741,-0.854703741
OP8,HN2,0.735269157,-0.735269157
OP8,HN5,0.860557769,-0.860557769
OP8,HN6,0.73327336,-0.73327336
OP8,HN7,0.893993376,-0.893993376
OP9,HN2,0.761686425,-0.761686425
OP9,HN5,0.706677953,-0.706677953
OP10,HN1,0.748607707,-0.748607707
OP10,HN2,0.795395689,-0.795395689
OP10,HN4,0.764203701,-0.764203701
OP10,HN5,0.749155076,-0.749155076
OP10,HN7,0.703468268,-0.703468268
A1,HN4,0.83712913,-0.83712913
A1,HN5,0.927240495,-0.927240495
A1,HN7,0.918876771,-0.918876771
A7,HN4,0.802451111,-0.802451111
A8,HN4,0.755244755,-0.755244755
A11,HN2,0.740330731,-0.740330731
A11,HN4,0.747449296,-0.747449296
A11,HN5,0.86245105,-0.86245105
A11,HN7,0.867306304,-0.867306304
A14,HN4,0.845091378,-0.845091378
A14,HN5,0.838191878,-0.838191878
A14,HN7,0.861681225,-0.861681225
A20,HN5,0.852463036,-0.852463036
A20,HN7,0.824446747,-0.824446747
A23,HN1,0.832167832,-0.832167832
A23,HN2,0.93006993,-0.93006993
A23,HN4,0.762237762,-0.762237762
A23,HN8,0.783216783,-0.783216783
A23,HN12,0.758127143,-0.758127143
A24,HN7,0.761369473,-0.761369473
A24,HN10,0.815075661,-0.815075661
